[{"model": "admin.logentry", "pk": 1, "fields": {"action_time": "2025-12-04T10:44:10.133Z", "user": 1, "content_type": 8, "object_id": "2", "object_repr": "Gaurav", "action_flag": 1, "change_message": "[{\"added\": {}}, {\"added\": {\"name\": \"Faculty Member\", \"object\": \"Dr. Gaurav Shrama\"}}]"}}, {"model": "admin.logentry", "pk": 2, "fields": {"action_time": "2025-12-04T10:44:26.141Z", "user": 1, "content_type": 8, "object_id": "2", "object_repr": "Gaurav", "action_flag": 2, "change_message": "[]"}}, {"model": "admin.logentry", "pk": 3, "fields": {"action_time": "2025-12-04T10:45:29.545Z", "user": 1, "content_type": 8, "object_id": "3", "object_repr": "meenakshi", "action_flag": 1, "change_message": "[{\"added\": {}}, {\"added\": {\"name\": \"Faculty Member\", \"object\": \"Dr. Meenakshi\"}}]"}}, {"model": "admin.logentry", "pk": 4, "fields": {"action_time": "2025-12-04T10:45:33.205Z", "user": 1, "content_type": 8, "object_id": "3", "object_repr": "meenakshi", "action_flag": 2, "change_message": "[]"}}, {"model": "admin.logentry", "pk": 5, "fields": {"action_time": "2025-12-04T10:45:52.616Z", "user": 1, "content_type": 8, "object_id": "3", "object_repr": "meenakshi", "action_flag": 2, "change_message": "[]"}}, {"model": "admin.logentry", "pk": 6, "fields": {"action_time": "2025-12-04T10:49:07.861Z", "user": 1, "content_type": 8, "object_id": "4", "object_repr": "biswaroop", "action_flag": 1, "change_message": "[{\"added\": {}}, {\"added\": {\"name\": \"Faculty Member\", \"object\": \"Dr. Biswarup Bhtattacharyya\"}}]"}}, {"model": "admin.logentry", "pk": 7, "fields": {"action_time": "2025-12-04T10:49:14.403Z", "user": 1, "content_type": 8, "object_id": "4", "object_repr": "biswaroop", "action_flag": 2, "change_message": "[]"}}, {"model": "admin.logentry", "pk": 8, "fields": {"action_time": "2025-12-05T04:19:23.297Z", "user": 1, "content_type": 8, "object_id": "2", "object_repr": "Gaurav", "action_flag": 3, "change_message": ""}}, {"model": "admin.logentry", "pk": 9, "fields": {"action_time": "2025-12-05T04:19:29.716Z", "user": 1, "content_type": 8, "object_id": "3", "object_repr": "meenakshi", "action_flag": 3, "change_message": ""}}, {"model": "admin.logentry", "pk": 10, "fields": {"action_time": "2025-12-05T04:19:36.510Z", "user": 1, "content_type": 8, "object_id": "4", "object_repr": "biswaroop", "action_flag": 3, "change_message": ""}}, {"model": "admin.logentry", "pk": 11, "fields": {"action_time": "2025-12-05T04:28:36.371Z", "user": 1, "content_type": 8, "object_id": "5", "object_repr": "Gaurav", "action_flag": 1, "change_message": "[{\"added\": {}}]"}}, {"model": "admin.logentry", "pk": 12, "fields": {"action_time": "2025-12-05T04:28:47.312Z", "user": 1, "content_type": 8, "object_id": "5", "object_repr": "Gaurav", "action_flag": 3, "change_message": ""}}, {"model": "admin.logentry", "pk": 13, "fields": {"action_time": "2025-12-05T04:29:55.269Z", "user": 1, "content_type": 8, "object_id": "6", "object_repr": "gaurav", "action_flag": 1, "change_message": "[{\"added\": {}}, {\"added\": {\"name\": \"Faculty Member\", \"object\": \"Dr. Gaurav Shrama\"}}]"}}, {"model": "admin.logentry", "pk": 14, "fields": {"action_time": "2025-12-05T04:30:12.023Z", "user": 1, "content_type": 8, "object_id": "6", "object_repr": "gaurav", "action_flag": 2, "change_message": "[]"}}, {"model": "admin.logentry", "pk": 15, "fields": {"action_time": "2025-12-05T04:31:04.412Z", "user": 1, "content_type": 8, "object_id": "7", "object_repr": "meenakshi", "action_flag": 1, "change_message": "[{\"added\": {}}, {\"added\": {\"name\": \"Faculty Member\", \"object\": \"Dr. Meenakshi\"}}]"}}, {"model": "admin.logentry", "pk": 16, "fields": {"action_time": "2025-12-05T04:31:09.251Z", "user": 1, "content_type": 8, "object_id": "7", "object_repr": "meenakshi", "action_flag": 2, "change_message": "[]"}}, {"model": "admin.logentry", "pk": 17, "fields": {"action_time": "2025-12-05T04:32:10.894Z", "user": 1, "content_type": 8, "object_id": "8", "object_repr": "biswaroop", "action_flag": 1, "change_message": "[{\"added\": {}}, {\"added\": {\"name\": \"Faculty Member\", \"object\": \"Dr. Biswarup Bhtattacharyya\"}}]"}}, {"model": "admin.logentry", "pk": 18, "fields": {"action_time": "2025-12-05T04:32:17.434Z", "user": 1, "content_type": 8, "object_id": "8", "object_repr": "biswaroop", "action_flag": 2, "change_message": "[]"}}, {"model": "admin.logentry", "pk": 19, "fields": {"action_time": "2025-12-05T04:33:50.919Z", "user": 1, "content_type": 8, "object_id": "9", "object_repr": "Suvin", "action_flag": 1, "change_message": "[{\"added\": {}}, {\"added\": {\"name\": \"Faculty Member\", \"object\": \"Dr. Suvin P. Venthuruthiyi\"}}]"}}, {"model": "admin.logentry", "pk": 20, "fields": {"action_time": "2025-12-05T04:33:57.691Z", "user": 1, "content_type": 8, "object_id": "9", "object_repr": "Suvin", "action_flag": 2, "change_message": "[]"}}, {"model": "admin.logentry", "pk": 21, "fields": {"action_time": "2025-12-05T04:35:49.647Z", "user": 1, "content_type": 8, "object_id": "10", "object_repr": "ranajit", "action_flag": 1, "change_message": "[{\"added\": {}}, {\"added\": {\"name\": \"Faculty Member\", \"object\": \"Dr. Ranajit Mondal\"}}]"}}, {"model": "admin.logentry", "pk": 22, "fields": {"action_time": "2025-12-05T04:36:17.888Z", "user": 1, "content_type": 8, "object_id": "10", "object_repr": "ranajit", "action_flag": 2, "change_message": "[{\"changed\": {\"fields\": [\"First name\", \"Last name\"]}}]"}}, {"model": "admin.logentry", "pk": 23, "fields": {"action_time": "2025-12-05T04:37:42.289Z", "user": 1, "content_type": 8, "object_id": "11", "object_repr": "rameshwariith", "action_flag": 1, "change_message": "[{\"added\": {}}, {\"added\": {\"name\": \"Faculty Member\", \"object\": \"Dr. Rameshwar Pratap\"}}]"}}, {"model": "admin.logentry", "pk": 24, "fields": {"action_time": "2025-12-05T04:37:46.195Z", "user": 1, "content_type": 8, "object_id": "11", "object_repr": "rameshwariith", "action_flag": 2, "change_message": "[]"}}, {"model": "admin.logentry", "pk": 25, "fields": {"action_time": "2025-12-05T04:39:03.608Z", "user": 1, "content_type": 8, "object_id": "12", "object_repr": "arupiith", "action_flag": 1, "change_message": "[{\"added\": {}}, {\"added\": {\"name\": \"Faculty Member\", \"object\": \"Dr. Arup Mehta\"}}]"}}, {"model": "admin.logentry", "pk": 26, "fields": {"action_time": "2025-12-05T04:39:06.898Z", "user": 1, "content_type": 8, "object_id": "12", "object_repr": "arupiith", "action_flag": 2, "change_message": "[]"}}, {"model": "admin.logentry", "pk": 27, "fields": {"action_time": "2025-12-05T04:41:08.374Z", "user": 1, "content_type": 8, "object_id": "13", "object_repr": "priyadarshiiith", "action_flag": 1, "change_message": "[{\"added\": {}}, {\"added\": {\"name\": \"Faculty Member\", \"object\": \"Dr. Priyadarshi Chakraborty\"}}]"}}, {"model": "admin.logentry", "pk": 28, "fields": {"action_time": "2025-12-05T04:41:11.785Z", "user": 1, "content_type": 8, "object_id": "13", "object_repr": "priyadarshiiith", "action_flag": 2, "change_message": "[]"}}, {"model": "admin.logentry", "pk": 29, "fields": {"action_time": "2025-12-05T04:48:18.892Z", "user": 1, "content_type": 8, "object_id": "14", "object_repr": "sauraviith", "action_flag": 1, "change_message": "[{\"added\": {}}, {\"added\": {\"name\": \"Faculty Member\", \"object\": \"Dr. Saurav Khuttiya Deori\"}}]"}}, {"model": "admin.logentry", "pk": 30, "fields": {"action_time": "2025-12-05T04:48:22.950Z", "user": 1, "content_type": 8, "object_id": "14", "object_repr": "sauraviith", "action_flag": 2, "change_message": "[]"}}, {"model": "admin.logentry", "pk": 31, "fields": {"action_time": "2025-12-05T04:54:24.797Z", "user": 1, "content_type": 8, "object_id": "15", "object_repr": "jayshreeiith", "action_flag": 1, "change_message": "[{\"added\": {}}, {\"added\": {\"name\": \"Faculty Member\", \"object\": \"Dr. Jayshree Patnaik\"}}]"}}, {"model": "admin.logentry", "pk": 32, "fields": {"action_time": "2025-12-05T04:54:28.555Z", "user": 1, "content_type": 8, "object_id": "15", "object_repr": "jayshreeiith", "action_flag": 2, "change_message": "[]"}}, {"model": "admin.logentry", "pk": 33, "fields": {"action_time": "2025-12-05T04:58:40.650Z", "user": 1, "content_type": 8, "object_id": "16", "object_repr": "rajeshiith", "action_flag": 1, "change_message": "[{\"added\": {}}, {\"added\": {\"name\": \"Faculty Member\", \"object\": \"Dr. Rajesh Ittamalla\"}}]"}}, {"model": "admin.logentry", "pk": 34, "fields": {"action_time": "2025-12-05T04:58:43.707Z", "user": 1, "content_type": 8, "object_id": "16", "object_repr": "rajeshiith", "action_flag": 2, "change_message": "[]"}}, {"model": "admin.logentry", "pk": 35, "fields": {"action_time": "2025-12-05T05:00:08.669Z", "user": 1, "content_type": 8, "object_id": "17", "object_repr": "aiyappaniith", "action_flag": 1, "change_message": "[{\"added\": {}}, {\"added\": {\"name\": \"Faculty Member\", \"object\": \"Dr. Aiyappan Srinivasan\"}}]"}}, {"model": "admin.logentry", "pk": 36, "fields": {"action_time": "2025-12-05T05:00:12.220Z", "user": 1, "content_type": 8, "object_id": "17", "object_repr": "aiyappaniith", "action_flag": 2, "change_message": "[]"}}, {"model": "admin.logentry", "pk": 37, "fields": {"action_time": "2025-12-05T05:00:41.232Z", "user": 1, "content_type": 12, "object_id": "SG-139", "object_repr": "Seed SG/IITH/F323/2022-23/SG-139 - Dr. Gaurav Sharma", "action_flag": 1, "change_message": "new through import_export"}}, {"model": "admin.logentry", "pk": 38, "fields": {"action_time": "2025-12-05T05:00:41.232Z", "user": 1, "content_type": 12, "object_id": "SG-140", "object_repr": "Seed SG/IITH/F310/2022-23/SG-140 - Dr. Meenakshi ", "action_flag": 1, "change_message": "new through import_export"}}, {"model": "admin.logentry", "pk": 39, "fields": {"action_time": "2025-12-05T05:00:41.232Z", "user": 1, "content_type": 12, "object_id": "SG-141", "object_repr": "Seed SG/IITH/F299/2022-23/SG-141 - Dr. Biswarup Bhattacharyya", "action_flag": 1, "change_message": "new through import_export"}}, {"model": "admin.logentry", "pk": 40, "fields": {"action_time": "2025-12-05T05:00:41.232Z", "user": 1, "content_type": 12, "object_id": "SG-142", "object_repr": "Seed SG/IITH/F306/2022-23/SG-142 - Dr.Suvin P. Venthuruthiyil ", "action_flag": 1, "change_message": "new through import_export"}}, {"model": "admin.logentry", "pk": 41, "fields": {"action_time": "2025-12-05T05:00:41.232Z", "user": 1, "content_type": 12, "object_id": "SG-143", "object_repr": "Seed SG/IITH/F305/2022-23/SG-143 - Dr. Ranajit Mondal ", "action_flag": 1, "change_message": "new through import_export"}}, {"model": "admin.logentry", "pk": 42, "fields": {"action_time": "2025-12-05T05:00:41.232Z", "user": 1, "content_type": 12, "object_id": "SG-144", "object_repr": "Seed SG/IITH/F308/2022-23/SG-144 - Dr.Rameshwar Pratap ", "action_flag": 1, "change_message": "new through import_export"}}, {"model": "admin.logentry", "pk": 43, "fields": {"action_time": "2025-12-05T05:00:41.232Z", "user": 1, "content_type": 12, "object_id": "SG-145", "object_repr": "Seed SG/IITH/F301/2022-23/SG-145 - Dr. Arup Mahata ", "action_flag": 1, "change_message": "new through import_export"}}, {"model": "admin.logentry", "pk": 44, "fields": {"action_time": "2025-12-05T05:00:41.232Z", "user": 1, "content_type": 12, "object_id": "SG-146", "object_repr": "Seed SG/IITH/F322/2022-23/SG-146 - Dr. Priyadarshi Chakraborty ", "action_flag": 1, "change_message": "new through import_export"}}, {"model": "admin.logentry", "pk": 45, "fields": {"action_time": "2025-12-05T05:00:41.232Z", "user": 1, "content_type": 12, "object_id": "SG-147", "object_repr": "Seed SG/IITH/F319/2022-23/SG-147 - Dr. Saurav Khuttiya Deori ", "action_flag": 1, "change_message": "new through import_export"}}, {"model": "admin.logentry", "pk": 46, "fields": {"action_time": "2025-12-05T05:00:41.232Z", "user": 1, "content_type": 12, "object_id": "SG-148", "object_repr": "Seed SG/IITH/F317/2022-23/SG-148 - Dr.Jayshree Patnaik ", "action_flag": 1, "change_message": "new through import_export"}}, {"model": "admin.logentry", "pk": 47, "fields": {"action_time": "2025-12-05T05:00:41.232Z", "user": 1, "content_type": 12, "object_id": "SG-149", "object_repr": "Seed SG/IITH/F318/2022-23/SG-149 - Dr Rajesh Ittamalla ", "action_flag": 1, "change_message": "new through import_export"}}, {"model": "admin.logentry", "pk": 48, "fields": {"action_time": "2025-12-05T05:00:41.232Z", "user": 1, "content_type": 12, "object_id": "SG-150", "object_repr": "Seed SG/IITH/F303/2022-23/SG-150 - Dr. Aiyappan Srinivasan ", "action_flag": 1, "change_message": "new through import_export"}}, {"model": "admin.logentry", "pk": 49, "fields": {"action_time": "2025-12-09T09:36:16.225Z", "user": 1, "content_type": 6, "object_id": "1", "object_repr": "Equipments", "action_flag": 1, "change_message": "[{\"added\": {}}]"}}, {"model": "admin.logentry", "pk": 50, "fields": {"action_time": "2025-12-09T09:36:29.454Z", "user": 1, "content_type": 6, "object_id": "2", "object_repr": "Consumables", "action_flag": 1, "change_message": "[{\"added\": {}}]"}}, {"model": "admin.logentry", "pk": 51, "fields": {"action_time": "2025-12-09T09:36:36.208Z", "user": 1, "content_type": 6, "object_id": "3", "object_repr": "Manpower", "action_flag": 1, "change_message": "[{\"added\": {}}]"}}, {"model": "admin.logentry", "pk": 52, "fields": {"action_time": "2025-12-09T10:33:44.633Z", "user": 1, "content_type": 7, "object_id": "1", "object_repr": "92A", "action_flag": 1, "change_message": "[{\"added\": {}}]"}}, {"model": "admin.logentry", "pk": 53, "fields": {"action_time": "2025-12-09T10:33:54.176Z", "user": 1, "content_type": 17, "object_id": "1", "object_repr": "10%", "action_flag": 1, "change_message": "[{\"added\": {}}]"}}, {"model": "admin.logentry", "pk": 54, "fields": {"action_time": "2025-12-10T09:27:02.639Z", "user": 1, "content_type": 8, "object_id": "18", "object_repr": "naveen", "action_flag": 1, "change_message": "[{\"added\": {}}]"}}, {"model": "admin.logentry", "pk": 55, "fields": {"action_time": "2025-12-10T09:27:06.269Z", "user": 1, "content_type": 8, "object_id": "18", "object_repr": "naveen", "action_flag": 2, "change_message": "[]"}}, {"model": "admin.logentry", "pk": 56, "fields": {"action_time": "2025-12-10T10:02:30.152Z", "user": 1, "content_type": 8, "object_id": "19", "object_repr": "onaveenkumar", "action_flag": 1, "change_message": "[{\"added\": {}}]"}}, {"model": "admin.logentry", "pk": 57, "fields": {"action_time": "2025-12-10T10:03:30.425Z", "user": 1, "content_type": 8, "object_id": "19", "object_repr": "onaveenkumar", "action_flag": 2, "change_message": "[]"}}, {"model": "admin.logentry", "pk": 58, "fields": {"action_time": "2025-12-10T10:12:42.778Z", "user": 1, "content_type": 7, "object_id": "2", "object_repr": "92B", "action_flag": 1, "change_message": "[{\"added\": {}}]"}}, {"model": "admin.logentry", "pk": 59, "fields": {"action_time": "2025-12-10T10:12:53.545Z", "user": 1, "content_type": 17, "object_id": "2", "object_repr": "5%", "action_flag": 1, "change_message": "[{\"added\": {}}]"}}, {"model": "admin.logentry", "pk": 60, "fields": {"action_time": "2025-12-10T10:13:04.833Z", "user": 1, "content_type": 17, "object_id": "3", "object_repr": "6%", "action_flag": 1, "change_message": "[{\"added\": {}}]"}}, {"model": "admin.logentry", "pk": 61, "fields": {"action_time": "2025-12-10T10:22:04.764Z", "user": 1, "content_type": 8, "object_id": "19", "object_repr": "onaveenkumar", "action_flag": 2, "change_message": "[{\"changed\": {\"fields\": [\"User permissions\"]}}]"}}, {"model": "admin.logentry", "pk": 62, "fields": {"action_time": "2025-12-22T04:57:52.762Z", "user": 1, "content_type": 8, "object_id": "20", "object_repr": "GauravSharma@", "action_flag": 1, "change_message": "[{\"added\": {}}, {\"added\": {\"name\": \"Faculty Member\", \"object\": \"Dr Gaurav Sharma\"}}]"}}, {"model": "admin.logentry", "pk": 63, "fields": {"action_time": "2025-12-22T05:05:17.503Z", "user": 1, "content_type": 8, "object_id": "21", "object_repr": "AnirbanNaskar@", "action_flag": 1, "change_message": "[{\"added\": {}}, {\"added\": {\"name\": \"Faculty Member\", \"object\": \"Dr. Anirban Naskar\"}}]"}}, {"model": "admin.logentry", "pk": 64, "fields": {"action_time": "2025-12-22T05:09:19.463Z", "user": 1, "content_type": 12, "object_id": "SG-153", "object_repr": "Seed SG/IITH/F313/2022-23/SG-153 - ", "action_flag": 1, "change_message": "[{\"added\": {}}]"}}, {"model": "admin.logentry", "pk": 65, "fields": {"action_time": "2025-12-22T05:23:24.051Z", "user": 1, "content_type": 15, "object_id": "2", "object_repr": "SG-153 | Others | 36859", "action_flag": 1, "change_message": "[{\"added\": {}}]"}}, {"model": "admin.logentry", "pk": 66, "fields": {"action_time": "2025-12-22T05:24:21.120Z", "user": 1, "content_type": 15, "object_id": "3", "object_repr": "SG-153 | Consumables | 35270", "action_flag": 1, "change_message": "[{\"added\": {}}]"}}, {"model": "admin.logentry", "pk": 67, "fields": {"action_time": "2025-12-22T05:25:07.981Z", "user": 1, "content_type": 15, "object_id": "4", "object_repr": "SG-153 | Others | 30100", "action_flag": 1, "change_message": "[{\"added\": {}}]"}}, {"model": "admin.logentry", "pk": 68, "fields": {"action_time": "2025-12-22T05:26:15.745Z", "user": 1, "content_type": 15, "object_id": "5", "object_repr": "SG-153 | Consumables | 23600", "action_flag": 1, "change_message": "[{\"added\": {}}]"}}, {"model": "admin.logentry", "pk": 69, "fields": {"action_time": "2025-12-22T05:26:45.688Z", "user": 1, "content_type": 15, "object_id": "6", "object_repr": "SG-153 | Consumables | 49560", "action_flag": 1, "change_message": "[{\"added\": {}}]"}}, {"model": "admin.logentry", "pk": 70, "fields": {"action_time": "2025-12-22T05:27:29.954Z", "user": 1, "content_type": 15, "object_id": "7", "object_repr": "SG-153 | Others | 32709", "action_flag": 1, "change_message": "[{\"added\": {}}]"}}, {"model": "admin.logentry", "pk": 71, "fields": {"action_time": "2025-12-22T05:28:06.953Z", "user": 1, "content_type": 15, "object_id": "8", "object_repr": "SG-153 | Consumables | 1570", "action_flag": 1, "change_message": "[{\"added\": {}}]"}}, {"model": "admin.logentry", "pk": 72, "fields": {"action_time": "2025-12-22T05:29:03.750Z", "user": 1, "content_type": 15, "object_id": "9", "object_repr": "SG-153 | Others | 15080", "action_flag": 1, "change_message": "[{\"added\": {}}]"}}, {"model": "admin.logentry", "pk": 73, "fields": {"action_time": "2025-12-22T05:29:30.951Z", "user": 1, "content_type": 15, "object_id": "10", "object_repr": "— | Consumables | 90000", "action_flag": 1, "change_message": "[{\"added\": {}}]"}}, {"model": "admin.logentry", "pk": 74, "fields": {"action_time": "2025-12-22T05:32:12.464Z", "user": 1, "content_type": 16, "object_id": "1", "object_repr": "SG-153 | Consumables | 200000", "action_flag": 1, "change_message": "[{\"added\": {}}]"}}, {"model": "admin.logentry", "pk": 75, "fields": {"action_time": "2025-12-22T05:33:04.459Z", "user": 1, "content_type": 16, "object_id": "2", "object_repr": "SG-153 | Equipment | 2000000", "action_flag": 1, "change_message": "[{\"added\": {}}]"}}, {"model": "admin.logentry", "pk": 76, "fields": {"action_time": "2025-12-22T05:38:23.699Z", "user": 1, "content_type": 15, "object_id": "11", "object_repr": "SG-153 | Consumables | 90000", "action_flag": 1, "change_message": "[{\"added\": {}}]"}}, {"model": "admin.logentry", "pk": 77, "fields": {"action_time": "2025-12-22T06:13:02.714Z", "user": 1, "content_type": 8, "object_id": "21", "object_repr": "AnirbanNaskar@", "action_flag": 2, "change_message": "[{\"changed\": {\"fields\": [\"First name\", \"Last name\"]}}]"}}, {"model": "admin.logentry", "pk": 78, "fields": {"action_time": "2025-12-22T07:06:47.529Z", "user": 1, "content_type": 8, "object_id": "22", "object_repr": "NithyanandanKanagaraj@", "action_flag": 1, "change_message": "[{\"added\": {}}, {\"added\": {\"name\": \"Faculty Member\", \"object\": \"Dr Nithyanandan Kanagaraj\"}}]"}}, {"model": "admin.logentry", "pk": 79, "fields": {"action_time": "2025-12-22T07:10:53.592Z", "user": 1, "content_type": 8, "object_id": "22", "object_repr": "NithyanandanKanagaraj@", "action_flag": 2, "change_message": "[{\"changed\": {\"fields\": [\"First name\", \"Last name\"]}}]"}}, {"model": "admin.logentry", "pk": 80, "fields": {"action_time": "2025-12-22T07:11:15.782Z", "user": 1, "content_type": 9, "object_id": "F263", "object_repr": "Dr Nithyanandan Kanagaraj", "action_flag": 2, "change_message": "[]"}}, {"model": "admin.logentry", "pk": 81, "fields": {"action_time": "2025-12-22T07:27:31.795Z", "user": 1, "content_type": 13, "object_id": "TDG-01", "object_repr": "TDG TDG/IITH/F263/2024-25/TDG-01 - ", "action_flag": 1, "change_message": "[{\"added\": {}}]"}}, {"model": "admin.logentry", "pk": 82, "fields": {"action_time": "2025-12-22T07:30:29.984Z", "user": 1, "content_type": 15, "object_id": "12", "object_repr": "TDG-01 | Consumables | 31619", "action_flag": 1, "change_message": "[{\"added\": {}}]"}}, {"model": "admin.logentry", "pk": 83, "fields": {"action_time": "2025-12-22T08:57:02.952Z", "user": 1, "content_type": 15, "object_id": "13", "object_repr": "TDG-01 | Consumables | 41952", "action_flag": 1, "change_message": "[{\"added\": {}}]"}}, {"model": "admin.logentry", "pk": 84, "fields": {"action_time": "2025-12-22T08:57:55.804Z", "user": 1, "content_type": 15, "object_id": "14", "object_repr": "TDG-01 | contingency | 35784", "action_flag": 1, "change_message": "[{\"added\": {}}]"}}, {"model": "admin.logentry", "pk": 85, "fields": {"action_time": "2025-12-22T08:59:03.342Z", "user": 1, "content_type": 15, "object_id": "15", "object_repr": "TDG-01 | Consumables | 24499", "action_flag": 1, "change_message": "[{\"added\": {}}]"}}, {"model": "admin.logentry", "pk": 86, "fields": {"action_time": "2025-12-22T09:00:18.544Z", "user": 1, "content_type": 15, "object_id": "16", "object_repr": "TDG-01 | Equipment | 95884", "action_flag": 1, "change_message": "[{\"added\": {}}]"}}, {"model": "admin.logentry", "pk": 87, "fields": {"action_time": "2025-12-22T09:01:14.457Z", "user": 1, "content_type": 15, "object_id": "17", "object_repr": "TDG-01 | Others | 60933", "action_flag": 1, "change_message": "[{\"added\": {}}]"}}, {"model": "admin.logentry", "pk": 88, "fields": {"action_time": "2025-12-22T09:04:22.485Z", "user": 1, "content_type": 15, "object_id": "18", "object_repr": "TDG-01 | Travel | 20191", "action_flag": 1, "change_message": "[{\"added\": {}}]"}}, {"model": "admin.logentry", "pk": 89, "fields": {"action_time": "2025-12-22T09:13:14.389Z", "user": 1, "content_type": 15, "object_id": "19", "object_repr": "TDG-01 | Manpower | 10000", "action_flag": 1, "change_message": "[{\"added\": {}}]"}}, {"model": "admin.logentry", "pk": 90, "fields": {"action_time": "2025-12-22T09:14:02.546Z", "user": 1, "content_type": 15, "object_id": "20", "object_repr": "TDG-01 | Others | 20141", "action_flag": 1, "change_message": "[{\"added\": {}}]"}}, {"model": "admin.logentry", "pk": 91, "fields": {"action_time": "2025-12-22T09:14:51.476Z", "user": 1, "content_type": 15, "object_id": "21", "object_repr": "TDG-01 | Others | 21557", "action_flag": 1, "change_message": "[{\"added\": {}}]"}}, {"model": "admin.logentry", "pk": 92, "fields": {"action_time": "2025-12-22T09:15:39.107Z", "user": 1, "content_type": 15, "object_id": "22", "object_repr": "TDG-01 | Manpower | 10000", "action_flag": 1, "change_message": "[{\"added\": {}}]"}}, {"model": "admin.logentry", "pk": 93, "fields": {"action_time": "2025-12-22T09:16:26.647Z", "user": 1, "content_type": 15, "object_id": "23", "object_repr": "TDG-01 | Manpower | 10000", "action_flag": 1, "change_message": "[{\"added\": {}}]"}}, {"model": "admin.logentry", "pk": 94, "fields": {"action_time": "2025-12-22T09:17:39.546Z", "user": 1, "content_type": 15, "object_id": "24", "object_repr": "TDG-01 | Manpower | 10000", "action_flag": 1, "change_message": "[{\"added\": {}}]"}}, {"model": "admin.logentry", "pk": 95, "fields": {"action_time": "2025-12-22T09:18:19.199Z", "user": 1, "content_type": 15, "object_id": "25", "object_repr": "TDG-01 | Manpower | 10000", "action_flag": 1, "change_message": "[{\"added\": {}}]"}}, {"model": "admin.logentry", "pk": 96, "fields": {"action_time": "2025-12-22T09:32:27.982Z", "user": 1, "content_type": 15, "object_id": "26", "object_repr": "TDG-01 | Manpower | 10000", "action_flag": 1, "change_message": "[{\"added\": {}}]"}}, {"model": "admin.logentry", "pk": 97, "fields": {"action_time": "2025-12-22T09:41:14.517Z", "user": 1, "content_type": 15, "object_id": "27", "object_repr": "TDG-01 | Manpower | 10000", "action_flag": 1, "change_message": "[{\"added\": {}}]"}}, {"model": "admin.logentry", "pk": 98, "fields": {"action_time": "2025-12-22T09:42:53.016Z", "user": 1, "content_type": 15, "object_id": "28", "object_repr": "TDG-01 | Manpower | 12000", "action_flag": 1, "change_message": "[{\"added\": {}}]"}}, {"model": "admin.logentry", "pk": 99, "fields": {"action_time": "2025-12-22T09:45:07.058Z", "user": 1, "content_type": 15, "object_id": "29", "object_repr": "TDG-01 | Manpower | 120000", "action_flag": 1, "change_message": "[{\"added\": {}}]"}}, {"model": "admin.logentry", "pk": 100, "fields": {"action_time": "2025-12-22T09:46:09.145Z", "user": 1, "content_type": 15, "object_id": "30", "object_repr": "TDG-01 | Equipment | 104989", "action_flag": 1, "change_message": "[{\"added\": {}}]"}}, {"model": "admin.logentry", "pk": 101, "fields": {"action_time": "2025-12-22T09:51:44.604Z", "user": 1, "content_type": 15, "object_id": "31", "object_repr": "TDG-01 | contingency | 32707", "action_flag": 1, "change_message": "[{\"added\": {}}]"}}, {"model": "admin.logentry", "pk": 102, "fields": {"action_time": "2025-12-22T09:52:19.003Z", "user": 1, "content_type": 15, "object_id": "32", "object_repr": "TDG-01 | Manpower | 12000", "action_flag": 1, "change_message": "[{\"added\": {}}]"}}, {"model": "admin.logentry", "pk": 103, "fields": {"action_time": "2025-12-22T09:52:52.227Z", "user": 1, "content_type": 15, "object_id": "33", "object_repr": "TDG-01 | Manpower | 25000", "action_flag": 1, "change_message": "[{\"added\": {}}]"}}, {"model": "admin.logentry", "pk": 104, "fields": {"action_time": "2025-12-22T09:53:47.789Z", "user": 1, "content_type": 15, "object_id": "34", "object_repr": "TDG-01 | contingency | 16482", "action_flag": 1, "change_message": "[{\"added\": {}}]"}}, {"model": "admin.logentry", "pk": 105, "fields": {"action_time": "2025-12-22T09:54:57.795Z", "user": 1, "content_type": 16, "object_id": "3", "object_repr": "TDG-01 | Equipment | 50000", "action_flag": 1, "change_message": "[{\"added\": {}}]"}}, {"model": "admin.logentry", "pk": 106, "fields": {"action_time": "2025-12-22T09:55:41.066Z", "user": 1, "content_type": 16, "object_id": "4", "object_repr": "TDG-01 | Consumables | 120000", "action_flag": 1, "change_message": "[{\"added\": {}}]"}}, {"model": "admin.logentry", "pk": 107, "fields": {"action_time": "2025-12-22T09:56:12.747Z", "user": 1, "content_type": 16, "object_id": "5", "object_repr": "TDG-01 | Equipment | 47048", "action_flag": 1, "change_message": "[{\"added\": {}}]"}}, {"model": "admin.logentry", "pk": 108, "fields": {"action_time": "2025-12-22T09:59:18.560Z", "user": 1, "content_type": 8, "object_id": "22", "object_repr": "NithyanandanKanagaraj@", "action_flag": 2, "change_message": "[{\"changed\": {\"fields\": [\"password\"]}}]"}}, {"model": "admin.logentry", "pk": 109, "fields": {"action_time": "2026-01-14T04:48:43.350Z", "user": 1, "content_type": 3, "object_id": "1", "object_repr": "BillInward", "action_flag": 1, "change_message": "[{\"added\": {}}]"}}, {"model": "admin.logentry", "pk": 110, "fields": {"action_time": "2026-01-14T05:00:13.432Z", "user": 1, "content_type": 3, "object_id": "1", "object_repr": "Billinward", "action_flag": 2, "change_message": "[{\"changed\": {\"fields\": [\"Name\"]}}]"}}, {"model": "admin.logentry", "pk": 111, "fields": {"action_time": "2026-01-14T05:00:23.954Z", "user": 1, "content_type": 3, "object_id": "1", "object_repr": "billinward", "action_flag": 2, "change_message": "[{\"changed\": {\"fields\": [\"Name\"]}}]"}}, {"model": "admin.logentry", "pk": 112, "fields": {"action_time": "2026-01-14T11:42:25.125Z", "user": 1, "content_type": 19, "object_id": "2", "object_repr": "Dr. Meenakshi - 2025-12-10 - Rs.50000.00", "action_flag": 2, "change_message": "[{\"changed\": {\"fields\": [\"Bill PDF\"]}}]"}}, {"model": "admin.logentry", "pk": 113, "fields": {"action_time": "2026-01-14T11:42:33.438Z", "user": 1, "content_type": 19, "object_id": "1", "object_repr": "Dr. Aiyappan Srinivasan - 2025-12-10 - Rs.45000.00", "action_flag": 2, "change_message": "[{\"changed\": {\"fields\": [\"Bill PDF\"]}}]"}}, {"model": "admin.logentry", "pk": 114, "fields": {"action_time": "2026-01-19T08:35:06.414Z", "user": 1, "content_type": 8, "object_id": "19", "object_repr": "onaveenkumar", "action_flag": 2, "change_message": "[{\"changed\": {\"fields\": [\"password\"]}}]"}}, {"model": "admin.logentry", "pk": 115, "fields": {"action_time": "2026-01-19T08:35:15.529Z", "user": 1, "content_type": 3, "object_id": "1", "object_repr": "billinward", "action_flag": 2, "change_message": "[]"}}, {"model": "admin.logentry", "pk": 116, "fields": {"action_time": "2026-01-27T06:00:42.818Z", "user": 1, "content_type": 15, "object_id": "39", "object_repr": "SG-140 | Manpower | 50000", "action_flag": 1, "change_message": "new through import_export"}}, {"model": "admin.logentry", "pk": 117, "fields": {"action_time": "2026-01-27T06:00:42.818Z", "user": 1, "content_type": 15, "object_id": "40", "object_repr": "SG-139 | Equipment | 120000", "action_flag": 1, "change_message": "new through import_export"}}, {"model": "admin.logentry", "pk": 118, "fields": {"action_time": "2026-01-27T06:00:42.818Z", "user": 1, "content_type": 15, "object_id": "41", "object_repr": "SG-140 | Equipment | 10000", "action_flag": 1, "change_message": "new through import_export"}}, {"model": "admin.logentry", "pk": 119, "fields": {"action_time": "2026-01-28T10:29:17.602Z", "user": 1, "content_type": 10, "object_id": "2", "object_repr": "G102 - Development of Biomediacl equipments", "action_flag": 1, "change_message": "new through import_export"}}, {"model": "admin.logentry", "pk": 120, "fields": {"action_time": "2026-01-29T06:22:22.050Z", "user": 1, "content_type": 13, "object_id": "1", "object_repr": "TDG TDG/IITH/F263/2024-25/TDG-01 - Dr Nithyanandan Kanagaraj", "action_flag": 3, "change_message": ""}}, {"model": "admin.logentry", "pk": 121, "fields": {"action_time": "2026-01-29T06:22:25.375Z", "user": 1, "content_type": 13, "object_id": "1", "object_repr": "TDG TDG/IITH/F263/2024-25/TDG-01 - Dr Nithyanandan Kanagaraj", "action_flag": 3, "change_message": ""}}, {"model": "admin.logentry", "pk": 122, "fields": {"action_time": "2026-02-06T05:50:17.060Z", "user": 1, "content_type": 8, "object_id": "20", "object_repr": "GauravSharma@", "action_flag": 2, "change_message": "[{\"changed\": {\"fields\": [\"password\"]}}]"}}, {"model": "admin.logentry", "pk": 123, "fields": {"action_time": "2026-02-06T09:14:57.412Z", "user": 1, "content_type": 15, "object_id": "1", "object_repr": "SG-140 | Equipments | 5000", "action_flag": 1, "change_message": "[{\"added\": {}}]"}}, {"model": "admin.logentry", "pk": 124, "fields": {"action_time": "2026-02-06T09:20:08.415Z", "user": 1, "content_type": 13, "object_id": "2", "object_repr": "TDG-04", "action_flag": 1, "change_message": "[{\"added\": {}}]"}}, {"model": "admin.logentry", "pk": 125, "fields": {"action_time": "2026-02-06T09:21:48.714Z", "user": 1, "content_type": 21, "object_id": "7", "object_repr": "DST/CE/RP987/2017-18/G101 | 2024-25 | Year-1", "action_flag": 1, "change_message": "[{\"added\": {}}]"}}, {"model": "admin.logentry", "pk": 126, "fields": {"action_time": "2026-02-06T09:22:17.188Z", "user": 1, "content_type": 21, "object_id": "8", "object_repr": "DST/CE/RP987/2017-18/G101 | 2024-25 | Year-1", "action_flag": 1, "change_message": "[{\"added\": {}}]"}}, {"model": "admin.logentry", "pk": 127, "fields": {"action_time": "2026-02-07T09:24:45.817Z", "user": 1, "content_type": 10, "object_id": "4", "object_repr": "G108", "action_flag": 1, "change_message": "new through import_export"}}, {"model": "admin.logentry", "pk": 128, "fields": {"action_time": "2026-02-07T09:24:45.817Z", "user": 1, "content_type": 10, "object_id": "5", "object_repr": "G107", "action_flag": 1, "change_message": "new through import_export"}}, {"model": "admin.logentry", "pk": 129, "fields": {"action_time": "2026-02-09T05:06:58.852Z", "user": 1, "content_type": 8, "object_id": "23", "object_repr": "rajk", "action_flag": 1, "change_message": "[{\"added\": {}}]"}}, {"model": "admin.logentry", "pk": 130, "fields": {"action_time": "2026-02-10T06:36:21.885Z", "user": 1, "content_type": 25, "object_id": "1", "object_repr": "Dr ShriRam Singh (F202)", "action_flag": 1, "change_message": "[{\"added\": {}}]"}}, {"model": "admin.logentry", "pk": 131, "fields": {"action_time": "2026-02-10T06:43:35.012Z", "user": 1, "content_type": 25, "object_id": "2", "object_repr": "Dr Ramesh (F349)", "action_flag": 1, "change_message": "[{\"added\": {}}]"}}, {"model": "admin.logentry", "pk": 132, "fields": {"action_time": "2026-02-11T09:50:51.261Z", "user": 1, "content_type": 24, "object_id": "1", "object_repr": "Reimbursement", "action_flag": 1, "change_message": "[{\"added\": {}}]"}}, {"model": "admin.logentry", "pk": 133, "fields": {"action_time": "2026-02-12T06:21:42.919Z", "user": 1, "content_type": 23, "object_id": "1", "object_repr": "Bank Of Maharastra (BOM-0397)", "action_flag": 1, "change_message": "[{\"added\": {}}]"}}, {"model": "admin.logentry", "pk": 134, "fields": {"action_time": "2026-02-24T04:13:23.917Z", "user": 1, "content_type": 16, "object_id": "1", "object_repr": "— | Equipments | 8000", "action_flag": 1, "change_message": "[{\"added\": {}}]"}}, {"model": "admin.logentry", "pk": 135, "fields": {"action_time": "2026-02-24T04:14:06.748Z", "user": 1, "content_type": 16, "object_id": "2", "object_repr": "SG-140 | Consumables | 8000", "action_flag": 1, "change_message": "[{\"added\": {}}]"}}, {"model": "admin.logentry", "pk": 136, "fields": {"action_time": "2026-02-24T04:14:55.797Z", "user": 1, "content_type": 16, "object_id": "2", "object_repr": "SG-140 | Consumables | 8000.00", "action_flag": 3, "change_message": ""}}, {"model": "admin.logentry", "pk": 137, "fields": {"action_time": "2026-02-24T04:14:55.797Z", "user": 1, "content_type": 16, "object_id": "1", "object_repr": "— | Equipments | 8000.00", "action_flag": 3, "change_message": ""}}, {"model": "admin.logentry", "pk": 138, "fields": {"action_time": "2026-02-24T04:46:52.778Z", "user": 1, "content_type": 8, "object_id": "24", "object_repr": "Harsha", "action_flag": 1, "change_message": "[{\"added\": {}}]"}}, {"model": "admin.logentry", "pk": 139, "fields": {"action_time": "2026-02-24T04:47:17.164Z", "user": 1, "content_type": 8, "object_id": "24", "object_repr": "Harsha", "action_flag": 2, "change_message": "[{\"changed\": {\"fields\": [\"First name\", \"Last name\"]}}]"}}, {"model": "admin.logentry", "pk": 140, "fields": {"action_time": "2026-02-24T05:56:32.978Z", "user": 1, "content_type": 8, "object_id": "24", "object_repr": "Harsha", "action_flag": 2, "change_message": "[{\"changed\": {\"fields\": [\"User permissions\"]}}]"}}, {"model": "admin.logentry", "pk": 141, "fields": {"action_time": "2026-02-24T06:29:13.235Z", "user": 1, "content_type": 8, "object_id": "19", "object_repr": "onaveenkumar", "action_flag": 2, "change_message": "[{\"changed\": {\"fields\": [\"First name\", \"Last name\"]}}]"}}, {"model": "admin.logentry", "pk": 142, "fields": {"action_time": "2026-02-24T07:09:43.436Z", "user": 1, "content_type": 8, "object_id": "24", "object_repr": "Harsha", "action_flag": 2, "change_message": "[{\"changed\": {\"fields\": [\"First name\", \"Last name\"]}}]"}}, {"model": "admin.logentry", "pk": 143, "fields": {"action_time": "2026-02-24T08:58:57.815Z", "user": 1, "content_type": 19, "object_id": "4", "object_repr": "Dr. Meenakshi - 2026-01-17 - Rs.80000.00", "action_flag": 2, "change_message": "[{\"changed\": {\"fields\": [\"Bill PDF\"]}}]"}}, {"model": "admin.logentry", "pk": 144, "fields": {"action_time": "2026-02-24T08:59:10.520Z", "user": 1, "content_type": 19, "object_id": "5", "object_repr": "Dr. Meenakshi - 2026-02-24 - Rs.8000.00", "action_flag": 2, "change_message": "[{\"changed\": {\"fields\": [\"Bill PDF\"]}}]"}}, {"model": "admin.logentry", "pk": 145, "fields": {"action_time": "2026-02-24T08:59:36.774Z", "user": 1, "content_type": 19, "object_id": "3", "object_repr": "Dr Gaurav Sharma - 2026-01-16 - Rs.70000.00", "action_flag": 2, "change_message": "[{\"changed\": {\"fields\": [\"Bill PDF\"]}}]"}}, {"model": "admin.logentry", "pk": 146, "fields": {"action_time": "2026-02-24T09:00:15.169Z", "user": 1, "content_type": 19, "object_id": "2", "object_repr": "Dr. Meenakshi - 2025-12-10 - Rs.50000.00", "action_flag": 2, "change_message": "[{\"changed\": {\"fields\": [\"Bill PDF\"]}}]"}}, {"model": "admin.logentry", "pk": 147, "fields": {"action_time": "2026-02-25T12:26:15.674Z", "user": 1, "content_type": 8, "object_id": "25", "object_repr": "anil", "action_flag": 1, "change_message": "[{\"added\": {}}]"}}, {"model": "admin.logentry", "pk": 148, "fields": {"action_time": "2026-02-25T12:26:43.237Z", "user": 1, "content_type": 8, "object_id": "25", "object_repr": "anil", "action_flag": 2, "change_message": "[{\"changed\": {\"fields\": [\"First name\", \"Last name\", \"User permissions\"]}}]"}}, {"model": "admin.logentry", "pk": 149, "fields": {"action_time": "2026-02-25T12:51:24.774Z", "user": 1, "content_type": 8, "object_id": "26", "object_repr": "ashoksir", "action_flag": 1, "change_message": "[{\"added\": {}}]"}}, {"model": "admin.logentry", "pk": 150, "fields": {"action_time": "2026-02-25T13:00:46.113Z", "user": 1, "content_type": 8, "object_id": "27", "object_repr": "gautam", "action_flag": 1, "change_message": "[{\"added\": {}}]"}}, {"model": "admin.logentry", "pk": 151, "fields": {"action_time": "2026-02-25T13:00:59.296Z", "user": 1, "content_type": 8, "object_id": "28", "object_repr": "ramu", "action_flag": 1, "change_message": "[{\"added\": {}}]"}}, {"model": "admin.logentry", "pk": 152, "fields": {"action_time": "2026-02-25T13:19:35.751Z", "user": 1, "content_type": 17, "object_id": "4", "object_repr": "7%", "action_flag": 1, "change_message": "[{\"added\": {}}]"}}, {"model": "admin.logentry", "pk": 153, "fields": {"action_time": "2026-03-05T12:03:15.863Z", "user": 1, "content_type": 26, "object_id": "1", "object_repr": "Purchase Order", "action_flag": 1, "change_message": "[{\"added\": {}}]"}}, {"model": "admin.logentry", "pk": 154, "fields": {"action_time": "2026-03-06T05:43:18.902Z", "user": 1, "content_type": 24, "object_id": "2", "object_repr": "Purchase Order", "action_flag": 1, "change_message": "[{\"added\": {}}]"}}, {"model": "admin.logentry", "pk": 155, "fields": {"action_time": "2026-03-06T05:43:26.336Z", "user": 1, "content_type": 24, "object_id": "3", "object_repr": "Manpower", "action_flag": 1, "change_message": "[{\"added\": {}}]"}}, {"model": "admin.logentry", "pk": 156, "fields": {"action_time": "2026-03-23T12:02:52.107Z", "user": 1, "content_type": 11, "object_id": "1", "object_repr": "None | 50000", "action_flag": 1, "change_message": "[{\"added\": {}}, {\"added\": {\"name\": \"receipt allocation\", \"object\": \"None | Consumables\"}}]"}}, {"model": "admin.logentry", "pk": 157, "fields": {"action_time": "2026-03-24T04:13:53.380Z", "user": 1, "content_type": 11, "object_id": "2", "object_repr": "None | 50000", "action_flag": 1, "change_message": "[{\"added\": {}}, {\"added\": {\"name\": \"receipt allocation\", \"object\": \"None | Consumables\"}}, {\"added\": {\"name\": \"receipt allocation\", \"object\": \"None | Equipments\"}}, {\"added\": {\"name\": \"receipt allocation\", \"object\": \"None | Manpower\"}}]"}}, {"model": "admin.logentry", "pk": 158, "fields": {"action_time": "2026-03-24T04:14:31.259Z", "user": 1, "content_type": 11, "object_id": "2", "object_repr": "None | 50000.00", "action_flag": 2, "change_message": "[{\"changed\": {\"fields\": [\"Short No.\"]}}]"}}, {"model": "admin.logentry", "pk": 159, "fields": {"action_time": "2026-03-24T06:30:16.920Z", "user": 1, "content_type": 11, "object_id": "2", "object_repr": "None | 50000.00", "action_flag": 3, "change_message": ""}}, {"model": "admin.logentry", "pk": 160, "fields": {"action_time": "2026-03-24T06:30:16.920Z", "user": 1, "content_type": 11, "object_id": "1", "object_repr": "None | 50000.00", "action_flag": 3, "change_message": ""}}, {"model": "admin.logentry", "pk": 161, "fields": {"action_time": "2026-03-24T06:31:12.732Z", "user": 1, "content_type": 11, "object_id": "3", "object_repr": "None | 10000", "action_flag": 1, "change_message": "[{\"added\": {}}, {\"added\": {\"name\": \"receipt allocation\", \"object\": \"None | Consumables\"}}]"}}, {"model": "admin.logentry", "pk": 162, "fields": {"action_time": "2026-03-24T06:36:09.400Z", "user": 1, "content_type": 11, "object_id": "3", "object_repr": "None | 10000.00", "action_flag": 2, "change_message": "[{\"changed\": {\"fields\": [\"Short No.\"]}}]"}}, {"model": "admin.logentry", "pk": 163, "fields": {"action_time": "2026-03-24T06:37:27.118Z", "user": 1, "content_type": 11, "object_id": "3", "object_repr": "None | 10000.00", "action_flag": 2, "change_message": "[{\"changed\": {\"fields\": [\"Short No.\"]}}]"}}, {"model": "admin.logentry", "pk": 164, "fields": {"action_time": "2026-03-24T06:52:44.211Z", "user": 1, "content_type": 11, "object_id": "3", "object_repr": "SG-141 | 10000.00", "action_flag": 2, "change_message": "[{\"changed\": {\"fields\": [\"Short No.\"]}}]"}}, {"model": "admin.logentry", "pk": 165, "fields": {"action_time": "2026-03-24T07:06:22.882Z", "user": 1, "content_type": 11, "object_id": "3", "object_repr": "SG-141 | 10000.00", "action_flag": 2, "change_message": "[{\"added\": {\"name\": \"receipt allocation\", \"object\": \"SG-141 | Equipments\"}}, {\"changed\": {\"name\": \"receipt allocation\", \"object\": \"SG-141 | Consumables\", \"fields\": [\"Amount\"]}}]"}}, {"model": "admin.logentry", "pk": 166, "fields": {"action_time": "2026-03-25T04:16:49.229Z", "user": 1, "content_type": 11, "object_id": "4", "object_repr": "G101 | 10000", "action_flag": 1, "change_message": "[{\"added\": {}}, {\"added\": {\"name\": \"receipt allocation\", \"object\": \"G101 | Manpower\"}}]"}}, {"model": "admin.logentry", "pk": 167, "fields": {"action_time": "2026-03-26T05:25:49.641Z", "user": 1, "content_type": 18, "object_id": "6", "object_repr": "SG-150 | 25000.00", "action_flag": 3, "change_message": ""}}, {"model": "admin.logentry", "pk": 168, "fields": {"action_time": "2026-04-08T04:37:41.051Z", "user": 1, "content_type": 8, "object_id": "29", "object_repr": "bcd", "action_flag": 1, "change_message": "[{\"added\": {}}]"}}, {"model": "admin.logentry", "pk": 169, "fields": {"action_time": "2026-04-08T04:46:55.374Z", "user": 1, "content_type": 8, "object_id": "30", "object_repr": "Sricc", "action_flag": 1, "change_message": "[{\"added\": {}}]"}}, {"model": "admin.logentry", "pk": 170, "fields": {"action_time": "2026-04-08T05:26:56.135Z", "user": 1, "content_type": 8, "object_id": "31", "object_repr": "hjhjdh", "action_flag": 1, "change_message": "[{\"added\": {}}]"}}, {"model": "admin.logentry", "pk": 171, "fields": {"action_time": "2026-04-08T05:28:14.896Z", "user": 1, "content_type": 8, "object_id": "32", "object_repr": "hjhjdhl", "action_flag": 1, "change_message": "[{\"added\": {}}]"}}, {"model": "admin.logentry", "pk": 172, "fields": {"action_time": "2026-04-13T11:15:42.226Z", "user": 1, "content_type": 22, "object_id": "1", "object_repr": "SATYABRATA MAHAPATRA (Student)", "action_flag": 2, "change_message": "update through import_export"}}, {"model": "admin.logentry", "pk": 173, "fields": {"action_time": "2026-04-13T11:15:42.230Z", "user": 1, "content_type": 22, "object_id": "2", "object_repr": "Mr Vishnu A S (Student)", "action_flag": 1, "change_message": "new through import_export"}}, {"model": "admin.logentry", "pk": 174, "fields": {"action_time": "2026-04-13T11:15:42.230Z", "user": 1, "content_type": 22, "object_id": "3", "object_repr": "Vaasudev Narayanan (Student)", "action_flag": 1, "change_message": "new through import_export"}}, {"model": "admin.logentry", "pk": 175, "fields": {"action_time": "2026-04-13T11:15:42.230Z", "user": 1, "content_type": 22, "object_id": "4", "object_repr": "Akshay Tulsiram Chabukswar (Student)", "action_flag": 1, "change_message": "new through import_export"}}, {"model": "admin.logentry", "pk": 176, "fields": {"action_time": "2026-04-13T11:15:42.231Z", "user": 1, "content_type": 22, "object_id": "5", "object_repr": "Ranjitha K (Student)", "action_flag": 1, "change_message": "new through import_export"}}, {"model": "admin.logentry", "pk": 177, "fields": {"action_time": "2026-04-13T11:15:42.231Z", "user": 1, "content_type": 22, "object_id": "6", "object_repr": "Kandala Nirupama Sri Ranga Ratna (Student)", "action_flag": 1, "change_message": "new through import_export"}}, {"model": "admin.logentry", "pk": 178, "fields": {"action_time": "2026-04-13T11:15:42.231Z", "user": 1, "content_type": 22, "object_id": "7", "object_repr": "VENKATA CHERAN DEEP PAMURU (Student)", "action_flag": 1, "change_message": "new through import_export"}}, {"model": "admin.logentry", "pk": 179, "fields": {"action_time": "2026-04-13T11:15:42.231Z", "user": 1, "content_type": 22, "object_id": "8", "object_repr": "Arkadipta De (Student)", "action_flag": 1, "change_message": "new through import_export"}}, {"model": "admin.logentry", "pk": 180, "fields": {"action_time": "2026-04-13T11:15:42.231Z", "user": 1, "content_type": 22, "object_id": "9", "object_repr": "Deepak Prakashrao Arbat (Student)", "action_flag": 1, "change_message": "new through import_export"}}, {"model": "admin.logentry", "pk": 181, "fields": {"action_time": "2026-04-13T11:15:42.231Z", "user": 1, "content_type": 22, "object_id": "10", "object_repr": "GARIMELLA SAI MANIKIRAN (Student)", "action_flag": 1, "change_message": "new through import_export"}}, {"model": "admin.logentry", "pk": 182, "fields": {"action_time": "2026-04-13T11:15:42.231Z", "user": 1, "content_type": 22, "object_id": "11", "object_repr": "MUCHUMARRI CHAITANYA REDDY (Student)", "action_flag": 1, "change_message": "new through import_export"}}, {"model": "admin.logentry", "pk": 183, "fields": {"action_time": "2026-04-13T11:35:31.909Z", "user": 1, "content_type": 22, "object_id": "1", "object_repr": "SATYABRATA MAHAPATRA (Student)", "action_flag": 2, "change_message": "update through import_export"}}, {"model": "admin.logentry", "pk": 184, "fields": {"action_time": "2026-04-13T11:35:31.909Z", "user": 1, "content_type": 22, "object_id": "2", "object_repr": "Mr Vishnu A S (Student)", "action_flag": 2, "change_message": "update through import_export"}}, {"model": "admin.logentry", "pk": 185, "fields": {"action_time": "2026-04-13T11:35:31.909Z", "user": 1, "content_type": 22, "object_id": "3", "object_repr": "Vaasudev Narayanan (Student)", "action_flag": 2, "change_message": "update through import_export"}}, {"model": "admin.logentry", "pk": 186, "fields": {"action_time": "2026-04-13T11:35:31.909Z", "user": 1, "content_type": 22, "object_id": "4", "object_repr": "Akshay Tulsiram Chabukswar (Student)", "action_flag": 2, "change_message": "update through import_export"}}, {"model": "admin.logentry", "pk": 187, "fields": {"action_time": "2026-04-13T11:35:31.909Z", "user": 1, "content_type": 22, "object_id": "5", "object_repr": "Ranjitha K (Student)", "action_flag": 2, "change_message": "update through import_export"}}, {"model": "admin.logentry", "pk": 188, "fields": {"action_time": "2026-04-13T11:35:31.909Z", "user": 1, "content_type": 22, "object_id": "6", "object_repr": "Kandala Nirupama Sri Ranga Ratna (Student)", "action_flag": 2, "change_message": "update through import_export"}}, {"model": "admin.logentry", "pk": 189, "fields": {"action_time": "2026-04-13T11:35:31.909Z", "user": 1, "content_type": 22, "object_id": "7", "object_repr": "VENKATA CHERAN DEEP PAMURU (Student)", "action_flag": 2, "change_message": "update through import_export"}}, {"model": "admin.logentry", "pk": 190, "fields": {"action_time": "2026-04-13T11:35:31.909Z", "user": 1, "content_type": 22, "object_id": "8", "object_repr": "Arkadipta De (Student)", "action_flag": 2, "change_message": "update through import_export"}}, {"model": "admin.logentry", "pk": 191, "fields": {"action_time": "2026-04-13T11:35:31.909Z", "user": 1, "content_type": 22, "object_id": "9", "object_repr": "Deepak Prakashrao Arbat (Student)", "action_flag": 2, "change_message": "update through import_export"}}, {"model": "admin.logentry", "pk": 192, "fields": {"action_time": "2026-04-13T11:35:31.909Z", "user": 1, "content_type": 22, "object_id": "10", "object_repr": "GARIMELLA SAI MANIKIRAN (Student)", "action_flag": 2, "change_message": "update through import_export"}}, {"model": "admin.logentry", "pk": 193, "fields": {"action_time": "2026-04-13T11:35:31.909Z", "user": 1, "content_type": 22, "object_id": "11", "object_repr": "MUCHUMARRI CHAITANYA REDDY (Student)", "action_flag": 2, "change_message": "update through import_export"}}, {"model": "admin.logentry", "pk": 194, "fields": {"action_time": "2026-04-13T11:59:22.033Z", "user": 1, "content_type": 23, "object_id": "2", "object_repr": "Canara Bank (CNRB-3905)", "action_flag": 1, "change_message": "[{\"added\": {}}]"}}, {"model": "admin.logentry", "pk": 195, "fields": {"action_time": "2026-04-13T12:00:35.178Z", "user": 1, "content_type": 23, "object_id": "3", "object_repr": "ICICI (ICICI-0265)", "action_flag": 1, "change_message": "[{\"added\": {}}]"}}, {"model": "admin.logentry", "pk": 196, "fields": {"action_time": "2026-04-13T12:01:39.933Z", "user": 1, "content_type": 23, "object_id": "4", "object_repr": "IIT OVERHEAD (SBI-6788-OH)", "action_flag": 1, "change_message": "[{\"added\": {}}]"}}, {"model": "admin.logentry", "pk": 197, "fields": {"action_time": "2026-04-13T12:02:58.262Z", "user": 1, "content_type": 23, "object_id": "5", "object_repr": "RBI (RBI-1047)", "action_flag": 1, "change_message": "[{\"added\": {}}]"}}, {"model": "admin.logentry", "pk": 198, "fields": {"action_time": "2026-04-13T12:04:24.319Z", "user": 1, "content_type": 23, "object_id": "6", "object_repr": "Union Bank of India (UBI-0873)", "action_flag": 1, "change_message": "[{\"added\": {}}]"}}, {"model": "admin.logentry", "pk": 199, "fields": {"action_time": "2026-04-15T10:16:36.991Z", "user": 1, "content_type": 8, "object_id": "33", "object_repr": "Shiva", "action_flag": 1, "change_message": "[{\"added\": {}}, {\"added\": {\"name\": \"Faculty Detail\", \"object\": \"Dr. Shivadhar Singh\"}}]"}}, {"model": "admin.logentry", "pk": 200, "fields": {"action_time": "2026-04-15T10:17:06.976Z", "user": 1, "content_type": 8, "object_id": "33", "object_repr": "Shiva", "action_flag": 2, "change_message": "[]"}}, {"model": "admin.logentry", "pk": 201, "fields": {"action_time": "2026-04-15T10:17:07.012Z", "user": 1, "content_type": 8, "object_id": "33", "object_repr": "Shiva", "action_flag": 2, "change_message": "[]"}}, {"model": "admin.logentry", "pk": 202, "fields": {"action_time": "2026-04-17T09:19:38.559Z", "user": 1, "content_type": 8, "object_id": "33", "object_repr": "Shiva", "action_flag": 2, "change_message": "[{\"changed\": {\"fields\": [\"First name\", \"Last name\"]}}]"}}, {"model": "admin.logentry", "pk": 203, "fields": {"action_time": "2026-04-23T11:42:28.806Z", "user": 1, "content_type": 11, "object_id": "5", "object_repr": "G119 | 50000", "action_flag": 1, "change_message": "[{\"added\": {}}, {\"added\": {\"name\": \"receipt allocation\", \"object\": \"G119 | Equipments\"}}]"}}, {"model": "admin.logentry", "pk": 204, "fields": {"action_time": "2026-04-23T11:48:10.431Z", "user": 1, "content_type": 11, "object_id": "5", "object_repr": "G119 | 50000.00", "action_flag": 3, "change_message": ""}}, {"model": "admin.logentry", "pk": 205, "fields": {"action_time": "2026-04-23T11:48:26.362Z", "user": 1, "content_type": 11, "object_id": "6", "object_repr": "SG-142 | 50000", "action_flag": 1, "change_message": "[{\"added\": {}}]"}}, {"model": "admin.logentry", "pk": 206, "fields": {"action_time": "2026-04-23T11:49:40.136Z", "user": 1, "content_type": 26, "object_id": "2", "object_repr": "Manpower", "action_flag": 1, "change_message": "[{\"added\": {}}]"}}, {"model": "admin.logentry", "pk": 207, "fields": {"action_time": "2026-04-23T11:50:15.642Z", "user": 1, "content_type": 11, "object_id": "6", "object_repr": "SG-142 | 50000.00", "action_flag": 2, "change_message": "[{\"added\": {\"name\": \"receipt allocation\", \"object\": \"SG-142 | Equipments\"}}]"}}, {"model": "admin.logentry", "pk": 208, "fields": {"action_time": "2026-04-27T10:59:20.805Z", "user": 1, "content_type": 18, "object_id": "1", "object_repr": "SG-139 | 2000.00", "action_flag": 2, "change_message": "[{\"changed\": {\"fields\": [\"Cheque no\"]}}]"}}, {"model": "admin.logentry", "pk": 209, "fields": {"action_time": "2026-04-27T11:01:03.697Z", "user": 1, "content_type": 18, "object_id": "1", "object_repr": "SG-139 | 2000.00", "action_flag": 2, "change_message": "[]"}}, {"model": "admin.logentry", "pk": 210, "fields": {"action_time": "2026-04-29T06:04:58.748Z", "user": 1, "content_type": 11, "object_id": "7", "object_repr": "G554 | 120000", "action_flag": 1, "change_message": "[{\"added\": {}}, {\"added\": {\"name\": \"receipt allocation\", \"object\": \"G554 | Consumables\"}}]"}}, {"model": "admin.logentry", "pk": 211, "fields": {"action_time": "2026-04-29T06:07:18.474Z", "user": 1, "content_type": 11, "object_id": "7", "object_repr": "G554 | 120000.00", "action_flag": 2, "change_message": "[{\"changed\": {\"name\": \"receipt allocation\", \"object\": \"G554 | Consumables\", \"fields\": [\"Amount\"]}}]"}}, {"model": "admin.logentry", "pk": 212, "fields": {"action_time": "2026-04-29T06:07:35.848Z", "user": 1, "content_type": 11, "object_id": "7", "object_repr": "G554 | 120000.00", "action_flag": 2, "change_message": "[{\"added\": {\"name\": \"receipt allocation\", \"object\": \"G554 | Equipments\"}}]"}}, {"model": "admin.logentry", "pk": 213, "fields": {"action_time": "2026-04-29T06:17:39.963Z", "user": 1, "content_type": 24, "object_id": "4", "object_repr": "Stipend", "action_flag": 1, "change_message": "[{\"added\": {}}]"}}, {"model": "admin.logentry", "pk": 214, "fields": {"action_time": "2026-04-29T06:18:56.433Z", "user": 1, "content_type": 26, "object_id": "3", "object_repr": "Grant In Aid", "action_flag": 1, "change_message": "[{\"added\": {}}]"}}, {"model": "admin.logentry", "pk": 215, "fields": {"action_time": "2026-04-29T06:19:05.120Z", "user": 1, "content_type": 26, "object_id": "4", "object_repr": "ponsored", "action_flag": 1, "change_message": "[{\"added\": {}}]"}}, {"model": "admin.logentry", "pk": 216, "fields": {"action_time": "2026-04-29T10:19:21.765Z", "user": 1, "content_type": 18, "object_id": "16", "object_repr": "S889 | 20000.00", "action_flag": 2, "change_message": "[{\"changed\": {\"fields\": [\"Payment status\"]}}]"}}, {"model": "admin.logentry", "pk": 217, "fields": {"action_time": "2026-04-29T10:19:31.653Z", "user": 1, "content_type": 18, "object_id": "16", "object_repr": "S889 | 20000.00", "action_flag": 2, "change_message": "[]"}}, {"model": "admin.logentry", "pk": 218, "fields": {"action_time": "2026-05-07T11:09:47.051Z", "user": 1, "content_type": 25, "object_id": "3", "object_repr": "Dr Meenakshi G118", "action_flag": 1, "change_message": "[{\"added\": {}}]"}}, {"model": "admin.logentry", "pk": 219, "fields": {"action_time": "2026-05-07T12:11:05.717Z", "user": 1, "content_type": 25, "object_id": "3", "object_repr": "Dr Meenakshi G118", "action_flag": 3, "change_message": ""}}, {"model": "admin.logentry", "pk": 220, "fields": {"action_time": "2026-05-07T12:11:05.717Z", "user": 1, "content_type": 25, "object_id": "2", "object_repr": "Dr Ramesh None", "action_flag": 3, "change_message": ""}}, {"model": "admin.logentry", "pk": 221, "fields": {"action_time": "2026-05-07T12:11:18.152Z", "user": 1, "content_type": 25, "object_id": "1", "object_repr": "Dr ShriRam Singh None", "action_flag": 3, "change_message": ""}}, {"model": "admin.logentry", "pk": 222, "fields": {"action_time": "2026-05-07T12:11:42.695Z", "user": 1, "content_type": 25, "object_id": "4", "object_repr": "Dr.Meenakshi G118", "action_flag": 1, "change_message": "[{\"added\": {}}]"}}, {"model": "admin.logentry", "pk": 223, "fields": {"action_time": "2026-05-12T06:04:08.282Z", "user": 1, "content_type": 25, "object_id": "5", "object_repr": "Suvin P. G1120", "action_flag": 1, "change_message": "[{\"added\": {}}]"}}, {"model": "admin.logentry", "pk": 224, "fields": {"action_time": "2026-05-12T07:09:49.838Z", "user": 1, "content_type": 25, "object_id": "6", "object_repr": "Dr Gaurav Sharma SG-149", "action_flag": 1, "change_message": "[{\"added\": {}}]"}}, {"model": "admin.logentry", "pk": 225, "fields": {"action_time": "2026-05-12T07:16:03.153Z", "user": 1, "content_type": 25, "object_id": "7", "object_repr": "Dr Ranajit Mondal SG-139", "action_flag": 1, "change_message": "[{\"added\": {}}]"}}, {"model": "auth.group", "pk": 1, "fields": {"name": "billinward", "permissions": []}}, {"model": "sessions.session", "pk": "0pfhxeejymng9hx5euus0472mpn28v7d", "fields": {"session_data": ".eJxVjMsOwiAQRf-FtSFAh8K4dO83kIEZbNXQpI-V8d-1SRe6veec-1KJtnVI2yJzGlmdlVWn3y1TeUjbAd-p3SZdprbOY9a7og-66OvE8rwc7t_BQMvwrQEiSmc64NxTKTWWIOALdjZk7Cu5aiwiAUFkC-DAR7Qeqjh2Bjmo9wfagTdU:1w3Wbl:IqSPzEvxwyRmHClDHBnRgqhN-VReLfdvBSrtthKfDOo", "expire_date": "2026-04-03T09:57:33.673Z"}}, {"model": "sessions.session", "pk": "1spvokbcu4am3hh1az4z8l4mhtf3cc00", "fields": {"session_data": ".eJxVjMsOwiAQRf-FtSFAh8K4dO83kIEZbNXQpI-V8d-1SRe6veec-1KJtnVI2yJzGlmdlVWn3y1TeUjbAd-p3SZdprbOY9a7og-66OvE8rwc7t_BQMvwrQEiSmc64NxTKTWWIOALdjZk7Cu5aiwiAUFkC-DAR7Qeqjh2Bjmo9wfagTdU:1vRTmO:vjkmYzxqqw71Q9kN8u5nhjURs5DfEfNU5YUxkX4cDd4", "expire_date": "2025-12-19T11:15:16.233Z"}}, {"model": "sessions.session", "pk": "1w25uupfhm2yi4w56qzb9jqpbjg1sodp", "fields": {"session_data": ".eJxVjMsOwiAQRf-FtSFAh8K4dO83kIEZbNXQpI-V8d-1SRe6veec-1KJtnVI2yJzGlmdlVWn3y1TeUjbAd-p3SZdprbOY9a7og-66OvE8rwc7t_BQMvwrQEiSmc64NxTKTWWIOALdjZk7Cu5aiwiAUFkC-DAR7Qeqjh2Bjmo9wfagTdU:1vfBUy:zqr_l4T6iCdNzitzkzlsTNNazjGTjPpXGZEfWzkRteY", "expire_date": "2026-01-26T06:33:56.528Z"}}, {"model": "sessions.session", "pk": "29bdalche2yfz1li3rnw9e08fg7wblxr", "fields": {"session_data": ".eJxVjMsOwiAURP-FtSEXRB4u3fcbyL08pGogKe3K-O_SpAvdTWbOmTfzuK3Fbz0tfo7sygw7_XaE4ZnqPsQH1nvjodV1mYnvCD_WzqcW0-t2sH8HBXsZtsSsASwKC2akLBWgdBmkpgApRkPGaWGTQqEl6XwWFwKnpHXKhuGyzxfOXTc_:1vTGBT:lCzEU6BZPc-NDrA4DaLSBgcAWb9361ow2nlrbi8hM44", "expire_date": "2025-12-24T09:08:31.067Z"}}, {"model": "sessions.session", "pk": "2ji5hxhjdhadnaifnnwvu0nn2r90roqw", "fields": {"session_data": ".eJxVjMsOwiAQRf-FtSFAh8K4dO83kIEZbNXQpI-V8d-1SRe6veec-1KJtnVI2yJzGlmdlVWn3y1TeUjbAd-p3SZdprbOY9a7og-66OvE8rwc7t_BQMvwrQEiSmc64NxTKTWWIOALdjZk7Cu5aiwiAUFkC-DAR7Qeqjh2Bjmo9wfagTdU:1vfykN:pCW9iWoGh_bxn2ADt1iUkwcMOwZOMhd67PydGvm8yy4", "expire_date": "2026-01-28T11:09:07.631Z"}}, {"model": "sessions.session", "pk": "2lswzefft9yzo4x2zrsc8w35zh92rfy4", "fields": {"session_data": ".eJxVjMsOwiAURP-FtSEXRB4u3fcbyL08pGogKe3K-O_SpAvdTWbOmTfzuK3Fbz0tfo7sygw7_XaE4ZnqPsQH1nvjodV1mYnvCD_WzqcW0-t2sH8HBXsZtsSsASwKC2akLBWgdBmkpgApRkPGaWGTQqEl6XwWFwKnpHXKhuGyzxfOXTc_:1w7pK2:r_lgjR10u4dDYmo_Tt-80F_3lyNJoy-HQ8Bt6MX3ta0", "expire_date": "2026-04-15T06:45:02.470Z"}}, {"model": "sessions.session", "pk": "2urjw65to6hisepz9rja4i9tiak2kl4t", "fields": {"session_data": ".eJxVjMsOwiAQRf-FtSFAh8K4dO83kIEZbNXQpI-V8d-1SRe6veec-1KJtnVI2yJzGlmdlVWn3y1TeUjbAd-p3SZdprbOY9a7og-66OvE8rwc7t_BQMvwrQEiSmc64NxTKTWWIOALdjZk7Cu5aiwiAUFkC-DAR7Qeqjh2Bjmo9wfagTdU:1wAhBD:LW0m4yZC9RhD0_lnHmWhghj-nAbzWhfT2LnmnylAiqY", "expire_date": "2026-04-23T04:39:47.378Z"}}, {"model": "sessions.session", "pk": "2vfwhto12rrnktddzcbe24kdwbc960a0", "fields": {"session_data": ".eJxVjMsOwiAQRf-FtSFAh8K4dO83kIEZbNXQpI-V8d-1SRe6veec-1KJtnVI2yJzGlmdlVWn3y1TeUjbAd-p3SZdprbOY9a7og-66OvE8rwc7t_BQMvwrQEiSmc64NxTKTWWIOALdjZk7Cu5aiwiAUFkC-DAR7Qeqjh2Bjmo9wfagTdU:1vi7wq:jAUkdVbCSoTlIOK4o58OWPtj4wmYr6DGl4l1oxnTe5s", "expire_date": "2026-02-03T09:22:52.324Z"}}, {"model": "sessions.session", "pk": "2w7c2p3btc4zjezrbe8odmcv848zgjlq", "fields": {"session_data": ".eJxVjMsOwiAURP-FtSEXRB4u3fcbyL08pGogKe3K-O_SpAvdTWbOmTfzuK3Fbz0tfo7sygw7_XaE4ZnqPsQH1nvjodV1mYnvCD_WzqcW0-t2sH8HBXsZtsSsASwKC2akLBWgdBmkpgApRkPGaWGTQqEl6XwWFwKnpHXKhuGyzxfOXTc_:1vkath:mTOGqC_Ms9okSPNO3MolTc8rW4Y0NImp09jXkgKASyI", "expire_date": "2026-02-10T04:41:49.736Z"}}, {"model": "sessions.session", "pk": "2xb1uepildt6a7rl3vxq1cyk4y75swki", "fields": {"session_data": ".eJxVjMsOwiAQRf-FtSFAh8K4dO83kIEZbNXQpI-V8d-1SRe6veec-1KJtnVI2yJzGlmdlVWn3y1TeUjbAd-p3SZdprbOY9a7og-66OvE8rwc7t_BQMvwrQEiSmc64NxTKTWWIOALdjZk7Cu5aiwiAUFkC-DAR7Qeqjh2Bjmo9wfagTdU:1vSZdB:WsljUYaJ6rB4IX3r8Nu4rULxxuynWtZvbCx0tguXUJo", "expire_date": "2025-12-22T11:42:17.665Z"}}, {"model": "sessions.session", "pk": "32j8arnypzp1ftojzoc23c2bb3agjsok", "fields": {"session_data": ".eJxVjMsOwiAQRf-FtSFAh8K4dO83kIEZbNXQpI-V8d-1SRe6veec-1KJtnVI2yJzGlmdlVWn3y1TeUjbAd-p3SZdprbOY9a7og-66OvE8rwc7t_BQMvwrQEiSmc64NxTKTWWIOALdjZk7Cu5aiwiAUFkC-DAR7Qeqjh2Bjmo9wfagTdU:1vSU3g:xy_udExgaSkJrn256uhxIrS0tTJvVi7CsF_-YnSQWII", "expire_date": "2025-12-22T05:45:16.289Z"}}, {"model": "sessions.session", "pk": "35wpuv9abopxok4vgg0olkjffzl0ohto", "fields": {"session_data": ".eJxVjMsOwiAQRf-FtSFAh8K4dO83kIEZbNXQpI-V8d-1SRe6veec-1KJtnVI2yJzGlmdlVWn3y1TeUjbAd-p3SZdprbOY9a7og-66OvE8rwc7t_BQMvwrQEiSmc64NxTKTWWIOALdjZk7Cu5aiwiAUFkC-DAR7Qeqjh2Bjmo9wfagTdU:1wEmWd:a5O2YoWk4KsqKLQ1PG7Gr7LcPhLvDAnnYCpILeOIrSE", "expire_date": "2026-05-04T11:10:47.267Z"}}, {"model": "sessions.session", "pk": "3atwf2xyd6oykym5jykjt305jzwauy45", "fields": {"session_data": ".eJxVjMsOwiAQRf-FtSFAh8K4dO83kIEZbNXQpI-V8d-1SRe6veec-1KJtnVI2yJzGlmdlVWn3y1TeUjbAd-p3SZdprbOY9a7og-66OvE8rwc7t_BQMvwrQEiSmc64NxTKTWWIOALdjZk7Cu5aiwiAUFkC-DAR7Qeqjh2Bjmo9wfagTdU:1voG5e:nhnf_ukQ3yDlz_oB0GSBur7QOlZLivNeR-gr2m3oOTk", "expire_date": "2026-02-20T07:17:18.275Z"}}, {"model": "sessions.session", "pk": "3axrkngfoyi74i06verqc6s5sk365o2c", "fields": {"session_data": ".eJxVjMsOwiAURP-FtSEXRB4u3fcbyL08pGogKe3K-O_SpAvdTWbOmTfzuK3Fbz0tfo7sygw7_XaE4ZnqPsQH1nvjodV1mYnvCD_WzqcW0-t2sH8HBXsZtsSsASwKC2akLBWgdBmkpgApRkPGaWGTQqEl6XwWFwKnpHXKhuGyzxfOXTc_:1vTGy3:sBr6TGG471JR6oUm9R4Tmm_7oFiAtY-yR04529Dggc8", "expire_date": "2025-12-24T09:58:43.877Z"}}, {"model": "sessions.session", "pk": "3tfbkj9x3nsjic0p1d75te5xp8z4rps7", "fields": {"session_data": ".eJxVjMsOwiAQRf-FtSFAh8K4dO83kIEZbNXQpI-V8d-1SRe6veec-1KJtnVI2yJzGlmdlVWn3y1TeUjbAd-p3SZdprbOY9a7og-66OvE8rwc7t_BQMvwrQEiSmc64NxTKTWWIOALdjZk7Cu5aiwiAUFkC-DAR7Qeqjh2Bjmo9wfagTdU:1vdMNz:bpm1JfFBYac_e0_R7XPDN3MUuC3PRaqHt0pBF43U_ng", "expire_date": "2026-01-21T05:47:11.467Z"}}, {"model": "sessions.session", "pk": "3uilbmrp8voar2inn9y6wpibnw4yagho", "fields": {"session_data": ".eJxVjMsOwiAQRf-FtSFAh8K4dO83kIEZbNXQpI-V8d-1SRe6veec-1KJtnVI2yJzGlmdlVWn3y1TeUjbAd-p3SZdprbOY9a7og-66OvE8rwc7t_BQMvwrQEiSmc64NxTKTWWIOALdjZk7Cu5aiwiAUFkC-DAR7Qeqjh2Bjmo9wfagTdU:1viQ5U:9tIZGSlsDzADpQhegdnne7FKmLZJAs-qwCCvp40EadI", "expire_date": "2026-02-04T04:45:00.517Z"}}, {"model": "sessions.session", "pk": "4208k811deum1odtsyyjg63edky1jwgt", "fields": {"session_data": ".eJxVjMsOwiAQRf-FtSFAh8K4dO83kIEZbNXQpI-V8d-1SRe6veec-1KJtnVI2yJzGlmdlVWn3y1TeUjbAd-p3SZdprbOY9a7og-66OvE8rwc7t_BQMvwrQEiSmc64NxTKTWWIOALdjZk7Cu5aiwiAUFkC-DAR7Qeqjh2Bjmo9wfagTdU:1vvw3t:6ijpEg4Jc3li9nfjHhPokmVR7WZmpNg1JjfeTTe2-V0", "expire_date": "2026-03-13T11:31:13.853Z"}}, {"model": "sessions.session", "pk": "4btypy4r8rfc0e6op114rw0tavalyg8w", "fields": {"session_data": ".eJxVjMsOwiAQRf-FtSFAh8K4dO83kIEZbNXQpI-V8d-1SRe6veec-1KJtnVI2yJzGlmdlVWn3y1TeUjbAd-p3SZdprbOY9a7og-66OvE8rwc7t_BQMvwrQEiSmc64NxTKTWWIOALdjZk7Cu5aiwiAUFkC-DAR7Qeqjh2Bjmo9wfagTdU:1vfavz:nJyXV3txDbDXpzRlfMgd63aPyP6SQ6RAgEdIwvxsFew", "expire_date": "2026-01-27T09:43:31.146Z"}}, {"model": "sessions.session", "pk": "4exka9iu73gohkvhex16lzntiyj3ns92", "fields": {"session_data": ".eJxVjMsOwiAQRf-FtSFAh8K4dO83kIEZbNXQpI-V8d-1SRe6veec-1KJtnVI2yJzGlmdlVWn3y1TeUjbAd-p3SZdprbOY9a7og-66OvE8rwc7t_BQMvwrQEiSmc64NxTKTWWIOALdjZk7Cu5aiwiAUFkC-DAR7Qeqjh2Bjmo9wfagTdU:1viRVC:RG7wIbBQp6CWZFdpfhY7GyIVMS-YWRwxhQtw7_qP0mM", "expire_date": "2026-02-04T06:15:38.664Z"}}, {"model": "sessions.session", "pk": "4k7o5v9dbsv2nziviybt24n6ebk7e4ne", "fields": {"session_data": ".eJxVjMsOwiAQRf-FtSFAh8K4dO83kIEZbNXQpI-V8d-1SRe6veec-1KJtnVI2yJzGlmdlVWn3y1TeUjbAd-p3SZdprbOY9a7og-66OvE8rwc7t_BQMvwrQEiSmc64NxTKTWWIOALdjZk7Cu5aiwiAUFkC-DAR7Qeqjh2Bjmo9wfagTdU:1vlinj:Z23Jv9V4t-fmPydiaR99ZsEgKwG43UZKFsJ2_21TQys", "expire_date": "2026-02-13T07:20:19.484Z"}}, {"model": "sessions.session", "pk": "4vacovzh3m9fpu9onhfalue9l5q7h48t", "fields": {"session_data": ".eJxVjMsOwiAQRf-FtSFAh8K4dO83kIEZbNXQpI-V8d-1SRe6veec-1KJtnVI2yJzGlmdlVWn3y1TeUjbAd-p3SZdprbOY9a7og-66OvE8rwc7t_BQMvwrQEiSmc64NxTKTWWIOALdjZk7Cu5aiwiAUFkC-DAR7Qeqjh2Bjmo9wfagTdU:1vdRE7:jWuqop3rnhCLo7YI7b9LaSDtx8HSlDrAf4wEk5gDgoo", "expire_date": "2026-01-21T10:57:19.478Z"}}, {"model": "sessions.session", "pk": "55t8uwdr9px4x1qvqc6yje2dw637xjqk", "fields": {"session_data": ".eJxVjMsOwiAQRf-FtSFAh8K4dO83kIEZbNXQpI-V8d-1SRe6veec-1KJtnVI2yJzGlmdlVWn3y1TeUjbAd-p3SZdprbOY9a7og-66OvE8rwc7t_BQMvwrQEiSmc64NxTKTWWIOALdjZk7Cu5aiwiAUFkC-DAR7Qeqjh2Bjmo9wfagTdU:1wAMnY:NTWC8hknjmHdttxWzkDXzOR6Y5y8UoK3nZOztskB_UM", "expire_date": "2026-04-22T06:54:00.175Z"}}, {"model": "sessions.session", "pk": "55xzua2vm9lns8zpzkcnja9jjywdsl3g", "fields": {"session_data": ".eJxVjMsOwiAQRf-FtSFAh8K4dO83kIEZbNXQpI-V8d-1SRe6veec-1KJtnVI2yJzGlmdlVWn3y1TeUjbAd-p3SZdprbOY9a7og-66OvE8rwc7t_BQMvwrQEiSmc64NxTKTWWIOALdjZk7Cu5aiwiAUFkC-DAR7Qeqjh2Bjmo9wfagTdU:1vntoh:P7vY2YkSe56DgT_HtGmaHPCRwbpLPIka1U5yfY5w_BQ", "expire_date": "2026-02-19T07:30:19.191Z"}}, {"model": "sessions.session", "pk": "57fextnord3evjh5ba2ma7h1b72aum1r", "fields": {"session_data": ".eJxVjMsOwiAQRf-FtSFAh8K4dO83kIEZbNXQpI-V8d-1SRe6veec-1KJtnVI2yJzGlmdlVWn3y1TeUjbAd-p3SZdprbOY9a7og-66OvE8rwc7t_BQMvwrQEiSmc64NxTKTWWIOALdjZk7Cu5aiwiAUFkC-DAR7Qeqjh2Bjmo9wfagTdU:1viQ6G:ARpv2MtSMbtgsCGOvKWEoeqIDTJodUaVIfUlnrMXhJo", "expire_date": "2026-02-04T04:45:48.780Z"}}, {"model": "sessions.session", "pk": "5gq51ik8insrlinbdkwmqqmc5gcielb8", "fields": {"session_data": ".eJxVjMsOwiAQRf-FtSFAh8K4dO83kIEZbNXQpI-V8d-1SRe6veec-1KJtnVI2yJzGlmdlVWn3y1TeUjbAd-p3SZdprbOY9a7og-66OvE8rwc7t_BQMvwrQEiSmc64NxTKTWWIOALdjZk7Cu5aiwiAUFkC-DAR7Qeqjh2Bjmo9wfagTdU:1vTCvj:WpC2fC0IHijaUcb-46pmg7A09_-YUkFjmHstAOj8iec", "expire_date": "2025-12-24T05:40:03.954Z"}}, {"model": "sessions.session", "pk": "5huy0dngxpllr7rdsr0t4vg27vd6revn", "fields": {"session_data": ".eJxVjMsOwiAQRf-FtSFAh8K4dO83kIEZbNXQpI-V8d-1SRe6veec-1KJtnVI2yJzGlmdlVWn3y1TeUjbAd-p3SZdprbOY9a7og-66OvE8rwc7t_BQMvwrQEiSmc64NxTKTWWIOALdjZk7Cu5aiwiAUFkC-DAR7Qeqjh2Bjmo9wfagTdU:1vhkkN:pbXoKyzg4WGx9VmvoDvUfIz_86LluLH5HLQyakJKtEI", "expire_date": "2026-02-02T08:36:27.026Z"}}, {"model": "sessions.session", "pk": "63ljynlnf09e4bgthjrhdg77ha6otqam", "fields": {"session_data": ".eJxVjMsOwiAQRf-FtSFAh8K4dO83kIEZbNXQpI-V8d-1SRe6veec-1KJtnVI2yJzGlmdlVWn3y1TeUjbAd-p3SZdprbOY9a7og-66OvE8rwc7t_BQMvwrQEiSmc64NxTKTWWIOALdjZk7Cu5aiwiAUFkC-DAR7Qeqjh2Bjmo9wfagTdU:1vbCge:52xEqhgMFyUZYM8QKVQ0SyiA69MKcxa9aB5HsXIpjMI", "expire_date": "2026-01-15T07:01:32.800Z"}}, {"model": "sessions.session", "pk": "7335homndpw77e0wjn7f5sofqfyi8o94", "fields": {"session_data": ".eJxVjMsOwiAURP-FtSEXRB4u3fcbyL08pGogKe3K-O_SpAvdTWbOmTfzuK3Fbz0tfo7sygw7_XaE4ZnqPsQH1nvjodV1mYnvCD_WzqcW0-t2sH8HBXsZtsSsASwKC2akLBWgdBmkpgApRkPGaWGTQqEl6XwWFwKnpHXKhuGyzxfOXTc_:1voEoT:rlti7AbHEW9kV76FNrq75rkSiUCQnQxHylKd3vNENlw", "expire_date": "2026-02-20T05:55:29.303Z"}}, {"model": "sessions.session", "pk": "73fadbszgux0vwttp2wsugyr9gu3ep7t", "fields": {"session_data": ".eJxVjMsOwiAQRf-FtSFAh8K4dO83kIEZbNXQpI-V8d-1SRe6veec-1KJtnVI2yJzGlmdlVWn3y1TeUjbAd-p3SZdprbOY9a7og-66OvE8rwc7t_BQMvwrQEiSmc64NxTKTWWIOALdjZk7Cu5aiwiAUFkC-DAR7Qeqjh2Bjmo9wfagTdU:1vkauD:Q_XAhb2s7UbpnwGw5a0AUR5Bm3BTJCFdvD37gDZl9Mg", "expire_date": "2026-02-10T04:42:21.839Z"}}, {"model": "sessions.session", "pk": "7kqhhmhwcynte1zn7hpgzldqz5j9se5t", "fields": {"session_data": ".eJxVjMsOwiAQRf-FtSFAh8K4dO83kIEZbNXQpI-V8d-1SRe6veec-1KJtnVI2yJzGlmdlVWn3y1TeUjbAd-p3SZdprbOY9a7og-66OvE8rwc7t_BQMvwrQEiSmc64NxTKTWWIOALdjZk7Cu5aiwiAUFkC-DAR7Qeqjh2Bjmo9wfagTdU:1viUEj:7Rukgapt13HKP4pOu02kM4fBFnbPbgp1xmLDawnGbs4", "expire_date": "2026-02-04T09:10:49.058Z"}}, {"model": "sessions.session", "pk": "7ktwi1i29oh5tsz96gx5rhvlryu8xe4x", "fields": {"session_data": ".eJxVjMsOwiAQRf-FtSFAh8K4dO83kIEZbNXQpI-V8d-1SRe6veec-1KJtnVI2yJzGlmdlVWn3y1TeUjbAd-p3SZdprbOY9a7og-66OvE8rwc7t_BQMvwrQEiSmc64NxTKTWWIOALdjZk7Cu5aiwiAUFkC-DAR7Qeqjh2Bjmo9wfagTdU:1vSYrE:TOSV9nU1eurRJrg7spaMss1XPo6d-sqdOz3TDxWmCiE", "expire_date": "2025-12-22T10:52:44.304Z"}}, {"model": "sessions.session", "pk": "7yoiq312efo75c64cv6q2uqqzmx0xwtv", "fields": {"session_data": ".eJxVjMsOwiAQRf-FtSFAh8K4dO83kIEZbNXQpI-V8d-1SRe6veec-1KJtnVI2yJzGlmdlVWn3y1TeUjbAd-p3SZdprbOY9a7og-66OvE8rwc7t_BQMvwrQEiSmc64NxTKTWWIOALdjZk7Cu5aiwiAUFkC-DAR7Qeqjh2Bjmo9wfagTdU:1w3AHq:ydMgWAbaoL-I9Uv3-_23WwFgtDR3yONkbSWnrO0Uc7A", "expire_date": "2026-04-02T10:07:30.061Z"}}, {"model": "sessions.session", "pk": "8brq1kru6936fd2bwj5nl7663y2qg7l1", "fields": {"session_data": ".eJxVjMsOwiAURP-FtSEXRB4u3fcbyL08pGogKe3K-O_SpAvdTWbOmTfzuK3Fbz0tfo7sygw7_XaE4ZnqPsQH1nvjodV1mYnvCD_WzqcW0-t2sH8HBXsZtsSsASwKC2akLBWgdBmkpgApRkPGaWGTQqEl6XwWFwKnpHXKhuGyzxfOXTc_:1vv7xg:s5mOnD9uKhSvdpm9Y0em8L6aRHa7DuM8Z3PDbw-rlr8", "expire_date": "2026-03-11T06:01:28.377Z"}}, {"model": "sessions.session", "pk": "8f3u38sfnpuc87fp83jkob95tvk1s1sg", "fields": {"session_data": ".eJxVjMsOwiAQRf-FtSFAh8K4dO83kIEZbNXQpI-V8d-1SRe6veec-1KJtnVI2yJzGlmdlVWn3y1TeUjbAd-p3SZdprbOY9a7og-66OvE8rwc7t_BQMvwrQEiSmc64NxTKTWWIOALdjZk7Cu5aiwiAUFkC-DAR7Qeqjh2Bjmo9wfagTdU:1vaVz1:-NIhaSx1_YaxaHuJK6CvQZoeNgXUL4uA3RTBgMC-NKU", "expire_date": "2026-01-13T09:25:39.514Z"}}, {"model": "sessions.session", "pk": "8h1hrj8luvvr9wtfjfdzqde7xyyj0sz8", "fields": {"session_data": ".eJxVjMsOwiAQRf-FtSFAh8K4dO83kIEZbNXQpI-V8d-1SRe6veec-1KJtnVI2yJzGlmdlVWn3y1TeUjbAd-p3SZdprbOY9a7og-66OvE8rwc7t_BQMvwrQEiSmc64NxTKTWWIOALdjZk7Cu5aiwiAUFkC-DAR7Qeqjh2Bjmo9wfagTdU:1vmsdF:iPm8RikL7s5t5hETH0jr58z9ffv76-VxaIbKdXC1amg", "expire_date": "2026-02-16T12:02:17.180Z"}}, {"model": "sessions.session", "pk": "8mgjobc8d5k9wsiozle2ukphbsbizbog", "fields": {"session_data": ".eJxVjMsOwiAQRf-FtSFAh8K4dO83kIEZbNXQpI-V8d-1SRe6veec-1KJtnVI2yJzGlmdlVWn3y1TeUjbAd-p3SZdprbOY9a7og-66OvE8rwc7t_BQMvwrQEiSmc64NxTKTWWIOALdjZk7Cu5aiwiAUFkC-DAR7Qeqjh2Bjmo9wfagTdU:1voId4:O2MAjfbbMxwS3hN9vbDnykhFqIlcgYpV1aeK4P7mnqU", "expire_date": "2026-02-20T09:59:58.138Z"}}, {"model": "sessions.session", "pk": "8q5hdtgq4tu42c4m1zcng28mnq0g99f2", "fields": {"session_data": ".eJxVjMsOwiAQRf-FtSFAh8K4dO83kIEZbNXQpI-V8d-1SRe6veec-1KJtnVI2yJzGlmdlVWn3y1TeUjbAd-p3SZdprbOY9a7og-66OvE8rwc7t_BQMvwrQEiSmc64NxTKTWWIOALdjZk7Cu5aiwiAUFkC-DAR7Qeqjh2Bjmo9wfagTdU:1vcgLp:5gwxSaNXEyEo1ArVXy-Nk8ajoFSGxtuC_MJqSGTCFwQ", "expire_date": "2026-01-19T08:54:09.169Z"}}, {"model": "sessions.session", "pk": "8r7dt4p0x18yo7r2r40485matelpqf13", "fields": {"session_data": ".eJxVjMsOwiAQRf-FtSFAh8K4dO83kIEZbNXQpI-V8d-1SRe6veec-1KJtnVI2yJzGlmdlVWn3y1TeUjbAd-p3SZdprbOY9a7og-66OvE8rwc7t_BQMvwrQEiSmc64NxTKTWWIOALdjZk7Cu5aiwiAUFkC-DAR7Qeqjh2Bjmo9wfagTdU:1vTB4W:b1AylaRmqhb_VlY2hRnZ_mPZXjc0zz-AzRpyLw4uXZg", "expire_date": "2025-12-24T03:41:00.176Z"}}, {"model": "sessions.session", "pk": "8xvo4qh7kk6nsxb5pmq6fqyfvz79wozb", "fields": {"session_data": ".eJxVjMsOwiAQRf-FtSFAh8K4dO83kIEZbNXQpI-V8d-1SRe6veec-1KJtnVI2yJzGlmdlVWn3y1TeUjbAd-p3SZdprbOY9a7og-66OvE8rwc7t_BQMvwrQEiSmc64NxTKTWWIOALdjZk7Cu5aiwiAUFkC-DAR7Qeqjh2Bjmo9wfagTdU:1vSZbB:TiJy-e2RqTPZ-AN30Hc2U26b3X2CM5f_vbFHlCaOHEM", "expire_date": "2025-12-22T11:40:13.649Z"}}, {"model": "sessions.session", "pk": "8zera6fxrlpf7sr3svmij8bfgl5vn730", "fields": {"session_data": ".eJxVjMsOwiAQRf-FtSFAh8K4dO83kIEZbNXQpI-V8d-1SRe6veec-1KJtnVI2yJzGlmdlVWn3y1TeUjbAd-p3SZdprbOY9a7og-66OvE8rwc7t_BQMvwrQEiSmc64NxTKTWWIOALdjZk7Cu5aiwiAUFkC-DAR7Qeqjh2Bjmo9wfagTdU:1vhlnV:KbESh57YJxcOHhFnZ_V0pcH7jXA_ol6Aq5gtQ6n758k", "expire_date": "2026-02-02T09:43:45.572Z"}}, {"model": "sessions.session", "pk": "93x59isziffo8jbf21og6eixzcv5u5xn", "fields": {"session_data": ".eJxVjMsOwiAQRf-FtSFAh8K4dO83kIEZbNXQpI-V8d-1SRe6veec-1KJtnVI2yJzGlmdlVWn3y1TeUjbAd-p3SZdprbOY9a7og-66OvE8rwc7t_BQMvwrQEiSmc64NxTKTWWIOALdjZk7Cu5aiwiAUFkC-DAR7Qeqjh2Bjmo9wfagTdU:1voHeE:P19JlW6V9C_nPJ-10hsqebrKqonFUPQHpGcguuOi7kQ", "expire_date": "2026-02-20T08:57:06.436Z"}}, {"model": "sessions.session", "pk": "94is7o5mejs5vsu0s7ftgjqaiaqxztjb", "fields": {"session_data": ".eJxVjMsOwiAQRf-FtSFAh8K4dO83kIEZbNXQpI-V8d-1SRe6veec-1KJtnVI2yJzGlmdlVWn3y1TeUjbAd-p3SZdprbOY9a7og-66OvE8rwc7t_BQMvwrQEiSmc64NxTKTWWIOALdjZk7Cu5aiwiAUFkC-DAR7Qeqjh2Bjmo9wfagTdU:1wHK1O:FqBu2jMUIX6rAGKcUvogvY_Ta3hmVCnOM7towzkTZU0", "expire_date": "2026-05-11T11:21:02.324Z"}}, {"model": "sessions.session", "pk": "96xv97mca294k5g7w439f5tin7x5ye55", "fields": {"session_data": ".eJxVjMsOwiAURP-FtSEXRB4u3fcbyL08pGogKe3K-O_SpAvdTWbOmTfzuK3Fbz0tfo7sygw7_XaE4ZnqPsQH1nvjodV1mYnvCD_WzqcW0-t2sH8HBXsZtsSsASwKC2akLBWgdBmkpgApRkPGaWGTQqEl6XwWFwKnpHXKhuGyzxfOXTc_:1vdiOM:ZpmX13iHk482aaChwLx3Me8yp7-P9njd-0z0jjXGk-Q", "expire_date": "2026-01-22T05:17:02.778Z"}}, {"model": "sessions.session", "pk": "99v8w7ja7pblnubgbg5cetqrp54iumk1", "fields": {"session_data": ".eJxVjMsOwiAQRf-FtSFAh8K4dO83kIEZbNXQpI-V8d-1SRe6veec-1KJtnVI2yJzGlmdlVWn3y1TeUjbAd-p3SZdprbOY9a7og-66OvE8rwc7t_BQMvwrQEiSmc64NxTKTWWIOALdjZk7Cu5aiwiAUFkC-DAR7Qeqjh2Bjmo9wfagTdU:1vphAR:TwJ0Ns2v_tT_RIs0J7-OFkjg8WvBF_q5gz2sw9f_RU8", "expire_date": "2026-02-24T06:24:11.444Z"}}, {"model": "sessions.session", "pk": "9k8jqtjvc8ia226upgkl7s282x1ozk25", "fields": {"session_data": ".eJxVjMsOwiAQRf-FtSFAh8K4dO83kIEZbNXQpI-V8d-1SRe6veec-1KJtnVI2yJzGlmdlVWn3y1TeUjbAd-p3SZdprbOY9a7og-66OvE8rwc7t_BQMvwrQEiSmc64NxTKTWWIOALdjZk7Cu5aiwiAUFkC-DAR7Qeqjh2Bjmo9wfagTdU:1vkb4d:-inQQb9LYxTZ85JRolXRbTDKJxldQZlsdOi-4hELpMA", "expire_date": "2026-02-10T04:53:07.211Z"}}, {"model": "sessions.session", "pk": "9nrs5hdir625yx4332o1w4qpsmjtzrr1", "fields": {"session_data": ".eJxVjMsOwiAQRf-FtSFAh8K4dO83kIEZbNXQpI-V8d-1SRe6veec-1KJtnVI2yJzGlmdlVWn3y1TeUjbAd-p3SZdprbOY9a7og-66OvE8rwc7t_BQMvwrQEiSmc64NxTKTWWIOALdjZk7Cu5aiwiAUFkC-DAR7Qeqjh2Bjmo9wfagTdU:1viQJo:oVG9nTquekTXyDohK3W9378YwBPMSMBrvxtClfOeJ7s", "expire_date": "2026-02-04T04:59:48.434Z"}}, {"model": "sessions.session", "pk": "9psqn0jbxxd3cr9ewyj4hj7msy58j0x6", "fields": {"session_data": ".eJxVjMsOwiAURP-FtSEXRB4u3fcbyL08pGogKe3K-O_SpAvdTWbOmTfzuK3Fbz0tfo7sygw7_XaE4ZnqPsQH1nvjodV1mYnvCD_WzqcW0-t2sH8HBXsZtsSsASwKC2akLBWgdBmkpgApRkPGaWGTQqEl6XwWFwKnpHXKhuGyzxfOXTc_:1vulRe:170Id7kiLHdkwvZgtBNudFn8goQUgyAKOzII1Vw_D4s", "expire_date": "2026-03-10T05:58:54.282Z"}}, {"model": "sessions.session", "pk": "9xchyzi8qgupq3z5pb3guflu9hf61lk0", "fields": {"session_data": ".eJxVjMsOwiAQRf-FtSFAh8K4dO83kIEZbNXQpI-V8d-1SRe6veec-1KJtnVI2yJzGlmdlVWn3y1TeUjbAd-p3SZdprbOY9a7og-66OvE8rwc7t_BQMvwrQEiSmc64NxTKTWWIOALdjZk7Cu5aiwiAUFkC-DAR7Qeqjh2Bjmo9wfagTdU:1vy7Lb:21GPqhjPt5eJLHa9_VEQrt-brr9jk3M2rlSKAbnliQw", "expire_date": "2026-03-19T11:58:31.642Z"}}, {"model": "sessions.session", "pk": "a5dp74txvjp1wmxi8r3gj70srhh29qm8", "fields": {"session_data": ".eJxVjMsOwiAURP-FtSEXRB4u3fcbyL08pGogKe3K-O_SpAvdTWbOmTfzuK3Fbz0tfo7sygw7_XaE4ZnqPsQH1nvjodV1mYnvCD_WzqcW0-t2sH8HBXsZtsSsASwKC2akLBWgdBmkpgApRkPGaWGTQqEl6XwWFwKnpHXKhuGyzxfOXTc_:1vTB3d:9ZMWo20Sdl8mIlX9xvRKdL41iqLe0A3n6b8qUvzn7F4", "expire_date": "2025-12-24T03:40:05.480Z"}}, {"model": "sessions.session", "pk": "a9c46r39h7ivgda8t6me77b4b1n2qyai", "fields": {"session_data": ".eJxVjMsOwiAURP-FtSEXRB4u3fcbyL08pGogKe3K-O_SpAvdTWbOmTfzuK3Fbz0tfo7sygw7_XaE4ZnqPsQH1nvjodV1mYnvCD_WzqcW0-t2sH8HBXsZtsSsASwKC2akLBWgdBmkpgApRkPGaWGTQqEl6XwWFwKnpHXKhuGyzxfOXTc_:1vpJOz:J_Dt2q1cvTPGxA127xzj49pzusX-Ax_zgUmOHVYFemA", "expire_date": "2026-02-23T05:01:37.463Z"}}, {"model": "sessions.session", "pk": "akrb9i479f72on4j9q5klh6kxs0vrvz8", "fields": {"session_data": ".eJxVjMsOwiAQRf-FtSFAh8K4dO83kIEZbNXQpI-V8d-1SRe6veec-1KJtnVI2yJzGlmdlVWn3y1TeUjbAd-p3SZdprbOY9a7og-66OvE8rwc7t_BQMvwrQEiSmc64NxTKTWWIOALdjZk7Cu5aiwiAUFkC-DAR7Qeqjh2Bjmo9wfagTdU:1vvBC7:Ln0CQuXsl42yTrfheAMPVPD8tNRyX-K9yY2GUiU7VDw", "expire_date": "2026-03-11T09:28:35.084Z"}}, {"model": "sessions.session", "pk": "b8s1lr74t75unykp2dhwmlh489jwhw31", "fields": {"session_data": ".eJxVjMsOwiAQRf-FtSFAh8K4dO83kIEZbNXQpI-V8d-1SRe6veec-1KJtnVI2yJzGlmdlVWn3y1TeUjbAd-p3SZdprbOY9a7og-66OvE8rwc7t_BQMvwrQEiSmc64NxTKTWWIOALdjZk7Cu5aiwiAUFkC-DAR7Qeqjh2Bjmo9wfagTdU:1vdMPY:jajuTZwUGt6RBVRM4y67gEQY1D1Jy-poWx2SQlofgtI", "expire_date": "2026-01-21T05:48:48.907Z"}}, {"model": "sessions.session", "pk": "bjop9kqf828lqdhpm8uvlhke2uknw9n7", "fields": {"session_data": ".eJxVjMsOwiAQRf-FtSFAh8K4dO83kIEZbNXQpI-V8d-1SRe6veec-1KJtnVI2yJzGlmdlVWn3y1TeUjbAd-p3SZdprbOY9a7og-66OvE8rwc7t_BQMvwrQEiSmc64NxTKTWWIOALdjZk7Cu5aiwiAUFkC-DAR7Qeqjh2Bjmo9wfagTdU:1wINtZ:2Zqr4Xrrl6njGc-Oukz1LlvZQQF4q55_Bplyws86V8k", "expire_date": "2026-05-14T09:41:21.205Z"}}, {"model": "sessions.session", "pk": "bq4x2ojutxah2o1ceri6e130kay1570d", "fields": {"session_data": ".eJxVjMsOwiAURP-FtSEXRB4u3fcbyL08pGogKe3K-O_SpAvdTWbOmTfzuK3Fbz0tfo7sygw7_XaE4ZnqPsQH1nvjodV1mYnvCD_WzqcW0-t2sH8HBXsZtsSsASwKC2akLBWgdBmkpgApRkPGaWGTQqEl6XwWFwKnpHXKhuGyzxfOXTc_:1vq7SM:H5Hfj2S4B0hndLosH0lK0KK40tycSQCBRrzTyA86MK0", "expire_date": "2026-02-25T10:28:26.833Z"}}, {"model": "sessions.session", "pk": "brqbo63ex2qqt6svivimfqg8rh5flusp", "fields": {"session_data": ".eJxVjMsOwiAQRf-FtSFAh8K4dO83kIEZbNXQpI-V8d-1SRe6veec-1KJtnVI2yJzGlmdlVWn3y1TeUjbAd-p3SZdprbOY9a7og-66OvE8rwc7t_BQMvwrQEiSmc64NxTKTWWIOALdjZk7Cu5aiwiAUFkC-DAR7Qeqjh2Bjmo9wfagTdU:1w5cO1:goP3ueNxmiiHl6uGTpDyE5nnBMkLG811FqDHhMvcXaM", "expire_date": "2026-04-09T04:32:01.700Z"}}, {"model": "sessions.session", "pk": "bugf3lwebaogeplw21kvom7f3kh4ouko", "fields": {"session_data": ".eJxVjMsOwiAQRf-FtSFAh8K4dO83kIEZbNXQpI-V8d-1SRe6veec-1KJtnVI2yJzGlmdlVWn3y1TeUjbAd-p3SZdprbOY9a7og-66OvE8rwc7t_BQMvwrQEiSmc64NxTKTWWIOALdjZk7Cu5aiwiAUFkC-DAR7Qeqjh2Bjmo9wfagTdU:1vinTf:BD8TDjA1El-0UQTL2a8vAieZVQMzi7xgwd2pHn-m_A4", "expire_date": "2026-02-05T05:43:31.617Z"}}, {"model": "sessions.session", "pk": "by1e5w6drba2suexnz1v4te43un1mpfq", "fields": {"session_data": ".eJxVjMsOwiAQRf-FtSFAh8K4dO83kIEZbNXQpI-V8d-1SRe6veec-1KJtnVI2yJzGlmdlVWn3y1TeUjbAd-p3SZdprbOY9a7og-66OvE8rwc7t_BQMvwrQEiSmc64NxTKTWWIOALdjZk7Cu5aiwiAUFkC-DAR7Qeqjh2Bjmo9wfagTdU:1vin01:P5Xl7PfyPsSmjnkwMaahU7RdWV4MU38Te6i2hTR0KjY", "expire_date": "2026-02-05T05:12:53.867Z"}}, {"model": "sessions.session", "pk": "c134kmqzehtqymj7b01xjrf5qf7ok6p6", "fields": {"session_data": ".eJxVjMsOwiAQRf-FtSFAh8K4dO83kIEZbNXQpI-V8d-1SRe6veec-1KJtnVI2yJzGlmdlVWn3y1TeUjbAd-p3SZdprbOY9a7og-66OvE8rwc7t_BQMvwrQEiSmc64NxTKTWWIOALdjZk7Cu5aiwiAUFkC-DAR7Qeqjh2Bjmo9wfagTdU:1vkbOH:HfZACl-y2yxdB8EHuCrbidMuvi06K4sohrMHYhL2rVA", "expire_date": "2026-02-10T05:13:25.726Z"}}, {"model": "sessions.session", "pk": "c4ylpl0edl1z4xqfkv5t08udgo77rzvs", "fields": {"session_data": ".eJxVjMsOwiAQRf-FtSFAh8K4dO83kIEZbNXQpI-V8d-1SRe6veec-1KJtnVI2yJzGlmdlVWn3y1TeUjbAd-p3SZdprbOY9a7og-66OvE8rwc7t_BQMvwrQEiSmc64NxTKTWWIOALdjZk7Cu5aiwiAUFkC-DAR7Qeqjh2Bjmo9wfagTdU:1vi8QD:aZ1GWAHjircIbdd7-SFCX3C9KS5LErwvtHgtyUhw1M4", "expire_date": "2026-02-03T09:53:13.216Z"}}, {"model": "sessions.session", "pk": "cdnb1urfkv1xwreaiwee220gn0y5a1uo", "fields": {"session_data": ".eJxVjMsOwiAQRf-FtSFAh8K4dO83kIEZbNXQpI-V8d-1SRe6veec-1KJtnVI2yJzGlmdlVWn3y1TeUjbAd-p3SZdprbOY9a7og-66OvE8rwc7t_BQMvwrQEiSmc64NxTKTWWIOALdjZk7Cu5aiwiAUFkC-DAR7Qeqjh2Bjmo9wfagTdU:1wA51n:eNu6lRp63U3o-SC_Ykaec-mULKzpiQwuizlhMQGWOxk", "expire_date": "2026-04-21T11:55:31.378Z"}}, {"model": "sessions.session", "pk": "cmuok04kp737egv7xpa7dht5k4do51kf", "fields": {"session_data": ".eJxVjMsOwiAURP-FtSEXRB4u3fcbyL08pGogKe3K-O_SpAvdTWbOmTfzuK3Fbz0tfo7sygw7_XaE4ZnqPsQH1nvjodV1mYnvCD_WzqcW0-t2sH8HBXsZtsSsASwKC2akLBWgdBmkpgApRkPGaWGTQqEl6XwWFwKnpHXKhuGyzxfOXTc_:1vv7e0:4ErdoU0CSwVUS_YGjLX9MNQnMK-6gpLL_mNwdMrKPbU", "expire_date": "2026-03-11T05:41:08.161Z"}}, {"model": "sessions.session", "pk": "ctxzdszm36gxuype0vplwng8np79xs6l", "fields": {"session_data": ".eJxVjMsOwiAURP-FtSEXRB4u3fcbyL08pGogKe3K-O_SpAvdTWbOmTfzuK3Fbz0tfo7sygw7_XaE4ZnqPsQH1nvjodV1mYnvCD_WzqcW0-t2sH8HBXsZtsSsASwKC2akLBWgdBmkpgApRkPGaWGTQqEl6XwWFwKnpHXKhuGyzxfOXTc_:1vq7Qu:6sVxSEpw17rvVQL3K0P-0XgdA1sZS50ULHjz8h1j0cU", "expire_date": "2026-02-25T10:26:56.421Z"}}, {"model": "sessions.session", "pk": "d07u341c2s6cm6dhnbpgasz9krclcsv7", "fields": {"session_data": ".eJxVjMsOwiAQRf-FtSFAh8K4dO83kIEZbNXQpI-V8d-1SRe6veec-1KJtnVI2yJzGlmdlVWn3y1TeUjbAd-p3SZdprbOY9a7og-66OvE8rwc7t_BQMvwrQEiSmc64NxTKTWWIOALdjZk7Cu5aiwiAUFkC-DAR7Qeqjh2Bjmo9wfagTdU:1vkbSL:1PgGqOi6PqYaes5BAFJ_9u6EJo9WgyV7bNSlf8KugT4", "expire_date": "2026-02-10T05:17:37.288Z"}}, {"model": "sessions.session", "pk": "dbgv1k119ulai3a62qz1sl7iin7aeg7w", "fields": {"session_data": ".eJxVjMsOwiAQRf-FtSFAh8K4dO83kIEZbNXQpI-V8d-1SRe6veec-1KJtnVI2yJzGlmdlVWn3y1TeUjbAd-p3SZdprbOY9a7og-66OvE8rwc7t_BQMvwrQEiSmc64NxTKTWWIOALdjZk7Cu5aiwiAUFkC-DAR7Qeqjh2Bjmo9wfagTdU:1vfbCE:bXc17u7tf_4WuOf8dMa0860b27So7DBOI_Z-TabWoIY", "expire_date": "2026-01-27T10:00:18.726Z"}}, {"model": "sessions.session", "pk": "dcrwg2pak9fcipy7ofe0jqlc41308ryu", "fields": {"session_data": ".eJxVjMsOwiAURP-FtSEXRB4u3fcbyL08pGogKe3K-O_SpAvdTWbOmTfzuK3Fbz0tfo7sygw7_XaE4ZnqPsQH1nvjodV1mYnvCD_WzqcW0-t2sH8HBXsZtsSsASwKC2akLBWgdBmkpgApRkPGaWGTQqEl6XwWFwKnpHXKhuGyzxfOXTc_:1vTHMq:2q-E3Gf4chd5QipViXqxpzITlW4Ms-ifWC45yKpFOTY", "expire_date": "2025-12-24T10:24:20.111Z"}}, {"model": "sessions.session", "pk": "detqo9os6momlapazg5ucmj77c2055f4", "fields": {"session_data": ".eJxVjMsOwiAQRf-FtSFAh8K4dO83kIEZbNXQpI-V8d-1SRe6veec-1KJtnVI2yJzGlmdlVWn3y1TeUjbAd-p3SZdprbOY9a7og-66OvE8rwc7t_BQMvwrQEiSmc64NxTKTWWIOALdjZk7Cu5aiwiAUFkC-DAR7Qeqjh2Bjmo9wfagTdU:1vlkNO:42418EHfZMbKjChNcaM0MwtRjZECNFL_LRFaQNy51Ds", "expire_date": "2026-02-13T09:01:14.052Z"}}, {"model": "sessions.session", "pk": "dka2ygc6zoazqlpk4eojfh5p0zgdb2gs", "fields": {"session_data": ".eJxVjMsOwiAQRf-FtSFAh8K4dO83kIEZbNXQpI-V8d-1SRe6veec-1KJtnVI2yJzGlmdlVWn3y1TeUjbAd-p3SZdprbOY9a7og-66OvE8rwc7t_BQMvwrQEiSmc64NxTKTWWIOALdjZk7Cu5aiwiAUFkC-DAR7Qeqjh2Bjmo9wfagTdU:1vR6ky:5KS5tWbif_aGhxossXmSqTVf6xP6VEz4bOllWKltw1M", "expire_date": "2025-12-18T10:40:16.835Z"}}, {"model": "sessions.session", "pk": "dv5numcp7dattbi7p9wp7o35fci3dez4", "fields": {"session_data": ".eJxVjMsOwiAQRf-FtSFAh8K4dO83kIEZbNXQpI-V8d-1SRe6veec-1KJtnVI2yJzGlmdlVWn3y1TeUjbAd-p3SZdprbOY9a7og-66OvE8rwc7t_BQMvwrQEiSmc64NxTKTWWIOALdjZk7Cu5aiwiAUFkC-DAR7Qeqjh2Bjmo9wfagTdU:1wIJmD:r7DpSfLEXcV92Inque6BXRHqj_rTrr8cyCwVADnVbRE", "expire_date": "2026-05-14T05:17:29.945Z"}}, {"model": "sessions.session", "pk": "e537vcexglbbr18fif4m3yrul3vycmpx", "fields": {"session_data": ".eJxVjMsOwiAQRf-FtSFAh8K4dO83kIEZbNXQpI-V8d-1SRe6veec-1KJtnVI2yJzGlmdlVWn3y1TeUjbAd-p3SZdprbOY9a7og-66OvE8rwc7t_BQMvwrQEiSmc64NxTKTWWIOALdjZk7Cu5aiwiAUFkC-DAR7Qeqjh2Bjmo9wfagTdU:1wDfLi:qlHJKEu123x3ZAMRa-viLpM6NEkdKWOep7uBf4E1n9k", "expire_date": "2026-05-01T09:18:54.941Z"}}, {"model": "sessions.session", "pk": "eiwlty49s3pmyekrrlq1vqlfklsyqssx", "fields": {"session_data": ".eJxVjMsOwiAQRf-FtSFAh8K4dO83kIEZbNXQpI-V8d-1SRe6veec-1KJtnVI2yJzGlmdlVWn3y1TeUjbAd-p3SZdprbOY9a7og-66OvE8rwc7t_BQMvwrQEiSmc64NxTKTWWIOALdjZk7Cu5aiwiAUFkC-DAR7Qeqjh2Bjmo9wfagTdU:1vfBMo:ySjeiEgSPkG25lnq1M7FaZd8PTIDqxD2j2T_v1Bmhrg", "expire_date": "2026-01-26T06:25:30.217Z"}}, {"model": "sessions.session", "pk": "eleawc0c69k3v3daq51pec3qvr5k8js2", "fields": {"session_data": ".eJxVjMsOwiAQRf-FtSFAh8K4dO83kIEZbNXQpI-V8d-1SRe6veec-1KJtnVI2yJzGlmdlVWn3y1TeUjbAd-p3SZdprbOY9a7og-66OvE8rwc7t_BQMvwrQEiSmc64NxTKTWWIOALdjZk7Cu5aiwiAUFkC-DAR7Qeqjh2Bjmo9wfagTdU:1vXyGx:rV2GQJI4KAfHuOXPJNlqs9J2eMucsINDt4Ws1n2onhk", "expire_date": "2026-01-06T09:01:39.512Z"}}, {"model": "sessions.session", "pk": "et0nzv71ih1txltwc3vjdlgv1dpqjumj", "fields": {"session_data": ".eJxVjMsOwiAQRf-FtSFAh8K4dO83kIEZbNXQpI-V8d-1SRe6veec-1KJtnVI2yJzGlmdlVWn3y1TeUjbAd-p3SZdprbOY9a7og-66OvE8rwc7t_BQMvwrQEiSmc64NxTKTWWIOALdjZk7Cu5aiwiAUFkC-DAR7Qeqjh2Bjmo9wfagTdU:1wHIw9:72LvWY-HRRFLNRp3hYjc9g-J1H32xgfZk2YkBELri38", "expire_date": "2026-05-11T10:11:33.504Z"}}, {"model": "sessions.session", "pk": "f1lfampbfrlkpdh71oi9cqf2u575y84q", "fields": {"session_data": ".eJxVjMsOwiAQRf-FtSFAh8K4dO83kIEZbNXQpI-V8d-1SRe6veec-1KJtnVI2yJzGlmdlVWn3y1TeUjbAd-p3SZdprbOY9a7og-66OvE8rwc7t_BQMvwrQEiSmc64NxTKTWWIOALdjZk7Cu5aiwiAUFkC-DAR7Qeqjh2Bjmo9wfagTdU:1vStAz:0pdjnLdhnpU2ke1kLkRoeRCWDptQ7FOaRc9IpPfyCkI", "expire_date": "2025-12-23T08:34:29.890Z"}}, {"model": "sessions.session", "pk": "f4wexqasjxmonlaklro3ulsk7c6m4b81", "fields": {"session_data": ".eJxVjMsOwiAURP-FtSEXRB4u3fcbyL08pGogKe3K-O_SpAvdTWbOmTfzuK3Fbz0tfo7sygw7_XaE4ZnqPsQH1nvjodV1mYnvCD_WzqcW0-t2sH8HBXsZtsSsASwKC2akLBWgdBmkpgApRkPGaWGTQqEl6XwWFwKnpHXKhuGyzxfOXTc_:1vuoIo:O-eL7QxOFjTnn9sqi-m_O0voDReofWr07Gp3xBnBB2w", "expire_date": "2026-03-10T09:01:58.384Z"}}, {"model": "sessions.session", "pk": "fdeby9tey2wb94r1igntyoxz138kajv5", "fields": {"session_data": ".eJxVjMsOwiAQRf-FtSFAh8K4dO83kIEZbNXQpI-V8d-1SRe6veec-1KJtnVI2yJzGlmdlVWn3y1TeUjbAd-p3SZdprbOY9a7og-66OvE8rwc7t_BQMvwrQEiSmc64NxTKTWWIOALdjZk7Cu5aiwiAUFkC-DAR7Qeqjh2Bjmo9wfagTdU:1vXyib:uVracsO8QkJx05oUNVW79rsmtaMdugkzw9BTrlrnDYg", "expire_date": "2026-01-06T09:30:13.020Z"}}, {"model": "sessions.session", "pk": "fgp06cbs9dsqhnid2jjdt84dkn3b5zow", "fields": {"session_data": ".eJxVjMsOwiAQRf-FtSFAh8K4dO83kIEZbNXQpI-V8d-1SRe6veec-1KJtnVI2yJzGlmdlVWn3y1TeUjbAd-p3SZdprbOY9a7og-66OvE8rwc7t_BQMvwrQEiSmc64NxTKTWWIOALdjZk7Cu5aiwiAUFkC-DAR7Qeqjh2Bjmo9wfagTdU:1vi9sP:fjGfpG2fyM4fWsJG45vuNxGLvuvYBr7J_69m4Q179BM", "expire_date": "2026-02-03T11:26:25.243Z"}}, {"model": "sessions.session", "pk": "fi7ygoxdkpf3qvzsw6w2zhmsqw2o2uxa", "fields": {"session_data": ".eJxVjMsOwiAQRf-FtSFAh8K4dO83kIEZbNXQpI-V8d-1SRe6veec-1KJtnVI2yJzGlmdlVWn3y1TeUjbAd-p3SZdprbOY9a7og-66OvE8rwc7t_BQMvwrQEiSmc64NxTKTWWIOALdjZk7Cu5aiwiAUFkC-DAR7Qeqjh2Bjmo9wfagTdU:1vpJSF:v6k2aU-g-_WILPI61iu2964fykp8jWWJSShC95-U-NY", "expire_date": "2026-02-23T05:04:59.039Z"}}, {"model": "sessions.session", "pk": "fjief87alrsx5q9nyuiizrfd3nm55b6h", "fields": {"session_data": ".eJxVjMsOwiAQRf-FtSFAh8K4dO83kIEZbNXQpI-V8d-1SRe6veec-1KJtnVI2yJzGlmdlVWn3y1TeUjbAd-p3SZdprbOY9a7og-66OvE8rwc7t_BQMvwrQEiSmc64NxTKTWWIOALdjZk7Cu5aiwiAUFkC-DAR7Qeqjh2Bjmo9wfagTdU:1vXynn:2tc7XSKNZ5zZVEWpMXLJD-tbMPhe4MXCruhvBAcIYto", "expire_date": "2026-01-06T09:35:35.002Z"}}, {"model": "sessions.session", "pk": "fmrzj7qlvoknprxl1sg4r5p0vuwhofov", "fields": {"session_data": ".eJxVjMsOwiAQRf-FtSFAh8K4dO83kIEZbNXQpI-V8d-1SRe6veec-1KJtnVI2yJzGlmdlVWn3y1TeUjbAd-p3SZdprbOY9a7og-66OvE8rwc7t_BQMvwrQEiSmc64NxTKTWWIOALdjZk7Cu5aiwiAUFkC-DAR7Qeqjh2Bjmo9wfagTdU:1w4vNd:5sdBqzvmvxl0hF_QAj7SQPGAPsZG07hri5HQvpKspqk", "expire_date": "2026-04-07T06:36:45.756Z"}}, {"model": "sessions.session", "pk": "g4zrthmioycx0zrc2mfb8o75ut7iersz", "fields": {"session_data": ".eJxVjMsOwiAQRf-FtSFAh8K4dO83kIEZbNXQpI-V8d-1SRe6veec-1KJtnVI2yJzGlmdlVWn3y1TeUjbAd-p3SZdprbOY9a7og-66OvE8rwc7t_BQMvwrQEiSmc64NxTKTWWIOALdjZk7Cu5aiwiAUFkC-DAR7Qeqjh2Bjmo9wfagTdU:1vkbL4:xnrsBhfd4aKttY3B-5c-am1Ddt1vfj2vw9lTvRXFIFs", "expire_date": "2026-02-10T05:10:06.576Z"}}, {"model": "sessions.session", "pk": "ga426i1nglcrie8l2grjx447sz2c70gu", "fields": {"session_data": ".eJxVjMsOwiAQRf-FtSFAh8K4dO83kIEZbNXQpI-V8d-1SRe6veec-1KJtnVI2yJzGlmdlVWn3y1TeUjbAd-p3SZdprbOY9a7og-66OvE8rwc7t_BQMvwrQEiSmc64NxTKTWWIOALdjZk7Cu5aiwiAUFkC-DAR7Qeqjh2Bjmo9wfagTdU:1vR2DT:AVzZ-mdRmwTHhn1GBxzc5ZznEwO4gGHRRAuaGbZ9bcs", "expire_date": "2025-12-18T05:49:23.777Z"}}, {"model": "sessions.session", "pk": "ga4su4dyhpbrqrfjnv2z0qvbrilyttji", "fields": {"session_data": ".eJxVjMsOwiAURP-FtSEXRB4u3fcbyL08pGogKe3K-O_SpAvdTWbOmTfzuK3Fbz0tfo7sygw7_XaE4ZnqPsQH1nvjodV1mYnvCD_WzqcW0-t2sH8HBXsZtsSsASwKC2akLBWgdBmkpgApRkPGaWGTQqEl6XwWFwKnpHXKhuGyzxfOXTc_:1voDt0:gpUpJW1UVlxNaVKQFLW20QcYXPFs7_A5snwBPMTBmu4", "expire_date": "2026-02-20T04:56:06.848Z"}}, {"model": "sessions.session", "pk": "gbzvm17hblfazaf55okkyc9eohlu0u8k", "fields": {"session_data": ".eJxVjMsOwiAQRf-FtSFAh8K4dO83kIEZbNXQpI-V8d-1SRe6veec-1KJtnVI2yJzGlmdlVWn3y1TeUjbAd-p3SZdprbOY9a7og-66OvE8rwc7t_BQMvwrQEiSmc64NxTKTWWIOALdjZk7Cu5aiwiAUFkC-DAR7Qeqjh2Bjmo9wfagTdU:1wCxH7:cFzarMXR3KnZDo_TMX8LOlUKkEwuqo8juFdcqLDO8bg", "expire_date": "2026-04-29T10:15:13.917Z"}}, {"model": "sessions.session", "pk": "gevfbz1y5bkqqqiny6i6392tpyrhlpwf", "fields": {"session_data": ".eJxVjMsOwiAURP-FtSEXRB4u3fcbyL08pGogKe3K-O_SpAvdTWbOmTfzuK3Fbz0tfo7sygw7_XaE4ZnqPsQH1nvjodV1mYnvCD_WzqcW0-t2sH8HBXsZtsSsASwKC2akLBWgdBmkpgApRkPGaWGTQqEl6XwWFwKnpHXKhuGyzxfOXTc_:1vvDrr:VSA-dHMLkKLs-R0B8RnMt9aR30_zsQ48_qmc4hnx4as", "expire_date": "2026-03-11T12:19:51.448Z"}}, {"model": "sessions.session", "pk": "ghcm96g1ef4wei3k42ayx863nuo5rtkx", "fields": {"session_data": ".eJxVjMsOwiAQRf-FtSFAh8K4dO83kIEZbNXQpI-V8d-1SRe6veec-1KJtnVI2yJzGlmdlVWn3y1TeUjbAd-p3SZdprbOY9a7og-66OvE8rwc7t_BQMvwrQEiSmc64NxTKTWWIOALdjZk7Cu5aiwiAUFkC-DAR7Qeqjh2Bjmo9wfagTdU:1vSZFl:aoMBJ-C4-fi9FU_awoZCa6tom0bLBkXFozojHBV1EhQ", "expire_date": "2025-12-22T11:18:05.201Z"}}, {"model": "sessions.session", "pk": "gjvotonsa4qvcyr3o4kfakylnbt017dd", "fields": {"session_data": ".eJxVjMsOwiAQRf-FtSFAh8K4dO83kIEZbNXQpI-V8d-1SRe6veec-1KJtnVI2yJzGlmdlVWn3y1TeUjbAd-p3SZdprbOY9a7og-66OvE8rwc7t_BQMvwrQEiSmc64NxTKTWWIOALdjZk7Cu5aiwiAUFkC-DAR7Qeqjh2Bjmo9wfagTdU:1viRF9:dgbFQG-z07iPCn2jQL88eQZaORGrtY6gvW0ukOUD5pM", "expire_date": "2026-02-04T05:59:03.867Z"}}, {"model": "sessions.session", "pk": "gu7ygv1vqzf1jaksvm2rvwjthg7s11r0", "fields": {"session_data": ".eJxVjMsOwiAQRf-FtSFAh8K4dO83kIEZbNXQpI-V8d-1SRe6veec-1KJtnVI2yJzGlmdlVWn3y1TeUjbAd-p3SZdprbOY9a7og-66OvE8rwc7t_BQMvwrQEiSmc64NxTKTWWIOALdjZk7Cu5aiwiAUFkC-DAR7Qeqjh2Bjmo9wfagTdU:1vi4zl:OZJnnJX2H2FWxSB7Al0J-6bijvdRvQrdLF4I1l7JAro", "expire_date": "2026-02-03T06:13:41.930Z"}}, {"model": "sessions.session", "pk": "h9hv3zjfi3kduiep2lpjtewgo927kuf4", "fields": {"session_data": ".eJxVjMsOwiAURP-FtSEXRB4u3fcbyL08pGogKe3K-O_SpAvdTWbOmTfzuK3Fbz0tfo7sygw7_XaE4ZnqPsQH1nvjodV1mYnvCD_WzqcW0-t2sH8HBXsZtsSsASwKC2akLBWgdBmkpgApRkPGaWGTQqEl6XwWFwKnpHXKhuGyzxfOXTc_:1vukFb:yZbt5GDdUEO1ksRd1ZPeyY_HWblCKdYxmymuQ4-rk1o", "expire_date": "2026-03-10T04:42:23.026Z"}}, {"model": "sessions.session", "pk": "hfqlxbu86fhppbmlbqh4ai7do6viz7d6", "fields": {"session_data": ".eJxVjMsOwiAQRf-FtSFAh8K4dO83kIEZbNXQpI-V8d-1SRe6veec-1KJtnVI2yJzGlmdlVWn3y1TeUjbAd-p3SZdprbOY9a7og-66OvE8rwc7t_BQMvwrQEiSmc64NxTKTWWIOALdjZk7Cu5aiwiAUFkC-DAR7Qeqjh2Bjmo9wfagTdU:1vq8Fb:IgTOtGvycYzpDazIvDvZ3bPdfOzjCYm3w1OnX64GHS4", "expire_date": "2026-02-25T11:19:19.651Z"}}, {"model": "sessions.session", "pk": "hgirq39snuvs1dr4evw4smsjrso0geqf", "fields": {"session_data": ".eJxVjMsOwiAURP-FtSEXRB4u3fcbyL08pGogKe3K-O_SpAvdTWbOmTfzuK3Fbz0tfo7sygw7_XaE4ZnqPsQH1nvjodV1mYnvCD_WzqcW0-t2sH8HBXsZtsSsASwKC2akLBWgdBmkpgApRkPGaWGTQqEl6XwWFwKnpHXKhuGyzxfOXTc_:1voEgQ:jU5EF6nq-4QA5G2en4SRTEhln45f0n_ahDz3mfgx9Yc", "expire_date": "2026-02-20T05:47:10.730Z"}}, {"model": "sessions.session", "pk": "hw5uz89ybq7nswets6jr6gfuzuct40qf", "fields": {"session_data": ".eJxVjMsOwiAQRf-FtSFAh8K4dO83kIEZbNXQpI-V8d-1SRe6veec-1KJtnVI2yJzGlmdlVWn3y1TeUjbAd-p3SZdprbOY9a7og-66OvE8rwc7t_BQMvwrQEiSmc64NxTKTWWIOALdjZk7Cu5aiwiAUFkC-DAR7Qeqjh2Bjmo9wfagTdU:1vv7yS:aVFGkisqPc7vgY2kAlVK2E8BKX4DFQ6-4itdq1QnnUk", "expire_date": "2026-03-11T06:02:16.870Z"}}, {"model": "sessions.session", "pk": "hwstf8o44kwea8fceii7adcqaopbqxk6", "fields": {"session_data": ".eJxVjMsOwiAQRf-FtSFAh8K4dO83kIEZbNXQpI-V8d-1SRe6veec-1KJtnVI2yJzGlmdlVWn3y1TeUjbAd-p3SZdprbOY9a7og-66OvE8rwc7t_BQMvwrQEiSmc64NxTKTWWIOALdjZk7Cu5aiwiAUFkC-DAR7Qeqjh2Bjmo9wfagTdU:1vSZHL:ynd7Wq7VR8akNHg0W8yqkGiP96PSzBNi4SgNqlyqw7o", "expire_date": "2025-12-22T11:19:43.822Z"}}, {"model": "sessions.session", "pk": "hygodze1ek9zen80knzkjo80le1g24t4", "fields": {"session_data": ".eJxVjMsOwiAQRf-FtSFAh8K4dO83kIEZbNXQpI-V8d-1SRe6veec-1KJtnVI2yJzGlmdlVWn3y1TeUjbAd-p3SZdprbOY9a7og-66OvE8rwc7t_BQMvwrQEiSmc64NxTKTWWIOALdjZk7Cu5aiwiAUFkC-DAR7Qeqjh2Bjmo9wfagTdU:1vi4q7:7KqyhLDQ4pJGhIQwmH24JKFCne0mkzrPIpLU_xpTesw", "expire_date": "2026-02-03T06:03:43.019Z"}}, {"model": "sessions.session", "pk": "i4xetnf4vu7gmlk1sp3fazooe5ua6uzy", "fields": {"session_data": ".eJxVjMsOwiAQRf-FtSFAh8K4dO83kIEZbNXQpI-V8d-1SRe6veec-1KJtnVI2yJzGlmdlVWn3y1TeUjbAd-p3SZdprbOY9a7og-66OvE8rwc7t_BQMvwrQEiSmc64NxTKTWWIOALdjZk7Cu5aiwiAUFkC-DAR7Qeqjh2Bjmo9wfagTdU:1wDgPy:4BlVRGTb7wnqfpBJd0aorz-jG6HhCyFnVWjnbckUdCw", "expire_date": "2026-05-01T10:27:22.641Z"}}, {"model": "sessions.session", "pk": "icrvol5o06t2baucmkisaytoar4acr5s", "fields": {"session_data": ".eJxVjMsOwiAURP-FtSEXRB4u3fcbyL08pGogKe3K-O_SpAvdTWbOmTfzuK3Fbz0tfo7sygw7_XaE4ZnqPsQH1nvjodV1mYnvCD_WzqcW0-t2sH8HBXsZtsSsASwKC2akLBWgdBmkpgApRkPGaWGTQqEl6XwWFwKnpHXKhuGyzxfOXTc_:1vXXur:q7al1UY35pQ8Ib6ZYzaB2AffQM36lgN0GyhuOZESQhw", "expire_date": "2026-01-05T04:53:05.208Z"}}, {"model": "sessions.session", "pk": "idjedae210sl289u1zzw5qojud3gyvmr", "fields": {"session_data": ".eJxVjMsOwiAURP-FtSEXRB4u3fcbyL08pGogKe3K-O_SpAvdTWbOmTfzuK3Fbz0tfo7sygw7_XaE4ZnqPsQH1nvjodV1mYnvCD_WzqcW0-t2sH8HBXsZtsSsASwKC2akLBWgdBmkpgApRkPGaWGTQqEl6XwWFwKnpHXKhuGyzxfOXTc_:1vy1Ba:BT0P6xPL5ilKQFfUSXB2H9oFBQzPtMuEiUlJD2A2aUw", "expire_date": "2026-03-19T05:23:46.066Z"}}, {"model": "sessions.session", "pk": "iez15d0br70k3lz967kmj4f5day6jv89", "fields": {"session_data": ".eJxVjMsOwiAQRf-FtSFAh8K4dO83kIEZbNXQpI-V8d-1SRe6veec-1KJtnVI2yJzGlmdlVWn3y1TeUjbAd-p3SZdprbOY9a7og-66OvE8rwc7t_BQMvwrQEiSmc64NxTKTWWIOALdjZk7Cu5aiwiAUFkC-DAR7Qeqjh2Bjmo9wfagTdU:1vi5Bh:OW1w1Xa6nxN_LqN6hbz2aATPyJw1gYDh7_6fXtL-s5Q", "expire_date": "2026-02-03T06:26:01.631Z"}}, {"model": "sessions.session", "pk": "il7icldste12w3o92qsal8kapea12pxu", "fields": {"session_data": ".eJxVjMsOwiAURP-FtSEXRB4u3fcbyL08pGogKe3K-O_SpAvdTWbOmTfzuK3Fbz0tfo7sygw7_XaE4ZnqPsQH1nvjodV1mYnvCD_WzqcW0-t2sH8HBXsZtsSsASwKC2akLBWgdBmkpgApRkPGaWGTQqEl6XwWFwKnpHXKhuGyzxfOXTc_:1vnEdx:yTWHR5y0ZQsdgmcmPWTeJUNVoIAet35uZ7ID5iV9uTI", "expire_date": "2026-02-17T11:32:29.644Z"}}, {"model": "sessions.session", "pk": "itomx9xdcqi8a8j7sugx9434fyye0zvh", "fields": {"session_data": ".eJxVjMsOwiAQRf-FtSFAh8K4dO83kIEZbNXQpI-V8d-1SRe6veec-1KJtnVI2yJzGlmdlVWn3y1TeUjbAd-p3SZdprbOY9a7og-66OvE8rwc7t_BQMvwrQEiSmc64NxTKTWWIOALdjZk7Cu5aiwiAUFkC-DAR7Qeqjh2Bjmo9wfagTdU:1w5cIE:BjO6-akshl7z3O4qzR7vDymOMAc1nOu77haphrSa8lc", "expire_date": "2026-04-09T04:26:02.401Z"}}, {"model": "sessions.session", "pk": "iu3jq8r813whwxex2ypdcahx48ipmk0b", "fields": {"session_data": ".eJxVjMsOwiAQRf-FtSFAh8K4dO83kIEZbNXQpI-V8d-1SRe6veec-1KJtnVI2yJzGlmdlVWn3y1TeUjbAd-p3SZdprbOY9a7og-66OvE8rwc7t_BQMvwrQEiSmc64NxTKTWWIOALdjZk7Cu5aiwiAUFkC-DAR7Qeqjh2Bjmo9wfagTdU:1vl2i9:TKqtZqryMeJWSx0dGOdNqdqL5ZjtaO1p-PbYPcKONTM", "expire_date": "2026-02-11T10:23:45.797Z"}}, {"model": "sessions.session", "pk": "jcr5yn0kpnxmyqvztrjpbs9no32k4atc", "fields": {"session_data": ".eJxVjMsOwiAQRf-FtSFAh8K4dO83kIEZbNXQpI-V8d-1SRe6veec-1KJtnVI2yJzGlmdlVWn3y1TeUjbAd-p3SZdprbOY9a7og-66OvE8rwc7t_BQMvwrQEiSmc64NxTKTWWIOALdjZk7Cu5aiwiAUFkC-DAR7Qeqjh2Bjmo9wfagTdU:1vbGDh:YRbyCbECgRLxcpiTCoRJZwajrmOxFYQcCpoM5uiI0_0", "expire_date": "2026-01-15T10:47:53.526Z"}}, {"model": "sessions.session", "pk": "juhhfutfnhs95lbtrg19cxkqyixu083i", "fields": {"session_data": ".eJxVjMsOwiAURP-FtSEXRB4u3fcbyL08pGogKe3K-O_SpAvdTWbOmTfzuK3Fbz0tfo7sygw7_XaE4ZnqPsQH1nvjodV1mYnvCD_WzqcW0-t2sH8HBXsZtsSsASwKC2akLBWgdBmkpgApRkPGaWGTQqEl6XwWFwKnpHXKhuGyzxfOXTc_:1vhj0Q:9-nFlnqUGUhhsfyljawndaCG_VSNHhVrjVoOwW-scxg", "expire_date": "2026-02-02T06:44:54.682Z"}}, {"model": "sessions.session", "pk": "jwx4cnb543dxaa5a05j5ko0xlg1nrbnm", "fields": {"session_data": ".eJxVjMsOwiAQRf-FtSFAh8K4dO83kIEZbNXQpI-V8d-1SRe6veec-1KJtnVI2yJzGlmdlVWn3y1TeUjbAd-p3SZdprbOY9a7og-66OvE8rwc7t_BQMvwrQEiSmc64NxTKTWWIOALdjZk7Cu5aiwiAUFkC-DAR7Qeqjh2Bjmo9wfagTdU:1vfC1c:zJx9UZOek4VIgvvP1nHBxj7sh5QLvZP0Wik--MhtSYc", "expire_date": "2026-01-26T07:07:40.203Z"}}, {"model": "sessions.session", "pk": "k4f8zfbedrwqjjlmdu2yucm7tgk5x0wf", "fields": {"session_data": ".eJxVjMsOwiAQRf-FtSFAh8K4dO83kIEZbNXQpI-V8d-1SRe6veec-1KJtnVI2yJzGlmdlVWn3y1TeUjbAd-p3SZdprbOY9a7og-66OvE8rwc7t_BQMvwrQEiSmc64NxTKTWWIOALdjZk7Cu5aiwiAUFkC-DAR7Qeqjh2Bjmo9wfagTdU:1vntVp:aIpYVzQZXZ8tZbY3SnfR99dTc9O0ZcHKrFqQFLKOzVA", "expire_date": "2026-02-19T07:10:49.291Z"}}, {"model": "sessions.session", "pk": "k89a7wwd7v90rjnmq99venwx8fhsqq4t", "fields": {"session_data": ".eJxVjMsOwiAQRf-FtSFAh8K4dO83kIEZbNXQpI-V8d-1SRe6veec-1KJtnVI2yJzGlmdlVWn3y1TeUjbAd-p3SZdprbOY9a7og-66OvE8rwc7t_BQMvwrQEiSmc64NxTKTWWIOALdjZk7Cu5aiwiAUFkC-DAR7Qeqjh2Bjmo9wfagTdU:1vTFw1:M_lakUjkZydQ_iZmdhCBUtpQ0UMwCFXL8g-wVTL9gWg", "expire_date": "2025-12-24T08:52:33.489Z"}}, {"model": "sessions.session", "pk": "ksyk11z8k6wrarr3qpbslza50oqj4ew4", "fields": {"session_data": ".eJxVjMsOwiAQRf-FtSFAh8K4dO83kIEZbNXQpI-V8d-1SRe6veec-1KJtnVI2yJzGlmdlVWn3y1TeUjbAd-p3SZdprbOY9a7og-66OvE8rwc7t_BQMvwrQEiSmc64NxTKTWWIOALdjZk7Cu5aiwiAUFkC-DAR7Qeqjh2Bjmo9wfagTdU:1vullR:BN0NqaNJG81SK30ugh2M0GKF_fpQuBodFsozRWTHYsk", "expire_date": "2026-03-10T06:19:21.145Z"}}, {"model": "sessions.session", "pk": "l0fd1xps18mcef1evjgjpp3bswaxuoc0", "fields": {"session_data": ".eJxVjMsOwiAQRf-FtSFAh8K4dO83kIEZbNXQpI-V8d-1SRe6veec-1KJtnVI2yJzGlmdlVWn3y1TeUjbAd-p3SZdprbOY9a7og-66OvE8rwc7t_BQMvwrQEiSmc64NxTKTWWIOALdjZk7Cu5aiwiAUFkC-DAR7Qeqjh2Bjmo9wfagTdU:1vXtQG:FitvseJMYVG8RcBHIK98fDs-lH3hIQcXOseBdgy7f8I", "expire_date": "2026-01-06T03:50:56.293Z"}}, {"model": "sessions.session", "pk": "l6ob5llv5ljfokoyv2up6qxrqmxw64ji", "fields": {"session_data": ".eJxVjMsOwiAQRf-FtSFAh8K4dO83kIEZbNXQpI-V8d-1SRe6veec-1KJtnVI2yJzGlmdlVWn3y1TeUjbAd-p3SZdprbOY9a7og-66OvE8rwc7t_BQMvwrQEiSmc64NxTKTWWIOALdjZk7Cu5aiwiAUFkC-DAR7Qeqjh2Bjmo9wfagTdU:1vbFPh:ynMZ-c0XVxzi0eqqwobPm5T6tGJkclyBSjBCQXEaDDQ", "expire_date": "2026-01-15T09:56:13.232Z"}}, {"model": "sessions.session", "pk": "l6xa2ynu4iek01li29qh0qi9eka303o3", "fields": {"session_data": ".eJxVjMsOwiAQRf-FtSFAh8K4dO83kIEZbNXQpI-V8d-1SRe6veec-1KJtnVI2yJzGlmdlVWn3y1TeUjbAd-p3SZdprbOY9a7og-66OvE8rwc7t_BQMvwrQEiSmc64NxTKTWWIOALdjZk7Cu5aiwiAUFkC-DAR7Qeqjh2Bjmo9wfagTdU:1vdLBT:uapNTRaaVTeEJCWYdlRXOO7diVl41lmBs6c2kCqFlrk", "expire_date": "2026-01-21T04:30:11.264Z"}}, {"model": "sessions.session", "pk": "l8crwhfbxcyd2ij2wgoz3fqsdj5cnvjn", "fields": {"session_data": ".eJxVjMsOwiAQRf-FtSFAh8K4dO83kIEZbNXQpI-V8d-1SRe6veec-1KJtnVI2yJzGlmdlVWn3y1TeUjbAd-p3SZdprbOY9a7og-66OvE8rwc7t_BQMvwrQEiSmc64NxTKTWWIOALdjZk7Cu5aiwiAUFkC-DAR7Qeqjh2Bjmo9wfagTdU:1vTDPL:ihhrwwmEi1f8wOHCz6V5UBRLkvlk2MGoOK6k4z1wg5U", "expire_date": "2025-12-24T06:10:39.470Z"}}, {"model": "sessions.session", "pk": "lbgh5n4ysx2a02xqq0x298004849m8vl", "fields": {"session_data": ".eJxVjMsOwiAQRf-FtSFAh8K4dO83kIEZbNXQpI-V8d-1SRe6veec-1KJtnVI2yJzGlmdlVWn3y1TeUjbAd-p3SZdprbOY9a7og-66OvE8rwc7t_BQMvwrQEiSmc64NxTKTWWIOALdjZk7Cu5aiwiAUFkC-DAR7Qeqjh2Bjmo9wfagTdU:1vXzM4:D1zDE6E_KzNwMwlUnc_KU2iJyr4m-VoB1AHosAQqbZs", "expire_date": "2026-01-06T10:11:00.198Z"}}, {"model": "sessions.session", "pk": "ld75mh4m002lxtu8ya9ay3611kuic8mw", "fields": {"session_data": ".eJxVjMsOwiAURP-FtSEXRB4u3fcbyL08pGogKe3K-O_SpAvdTWbOmTfzuK3Fbz0tfo7sygw7_XaE4ZnqPsQH1nvjodV1mYnvCD_WzqcW0-t2sH8HBXsZtsSsASwKC2akLBWgdBmkpgApRkPGaWGTQqEl6XwWFwKnpHXKhuGyzxfOXTc_:1vq8CV:Chx3eBYOqyJFjcRjbkzvZdxZYKZq4DG-NH-aoyoMF-U", "expire_date": "2026-02-25T11:16:07.465Z"}}, {"model": "sessions.session", "pk": "ldvxw2xp87ofr1ug0drez0o0h4hm1h7z", "fields": {"session_data": ".eJxVjMsOwiAQRf-FtSFAh8K4dO83kIEZbNXQpI-V8d-1SRe6veec-1KJtnVI2yJzGlmdlVWn3y1TeUjbAd-p3SZdprbOY9a7og-66OvE8rwc7t_BQMvwrQEiSmc64NxTKTWWIOALdjZk7Cu5aiwiAUFkC-DAR7Qeqjh2Bjmo9wfagTdU:1vn8yr:-YzYaZINnQxiXFOLs8uowuoOnjzq9uFBEUozZt6n7B8", "expire_date": "2026-02-17T05:29:41.242Z"}}, {"model": "sessions.session", "pk": "ltf7spay203a1xdjkiwix0152szlwyig", "fields": {"session_data": ".eJxVjMsOwiAURP-FtSEXRB4u3fcbyL08pGogKe3K-O_SpAvdTWbOmTfzuK3Fbz0tfo7sygw7_XaE4ZnqPsQH1nvjodV1mYnvCD_WzqcW0-t2sH8HBXsZtsSsASwKC2akLBWgdBmkpgApRkPGaWGTQqEl6XwWFwKnpHXKhuGyzxfOXTc_:1w7nJr:C0bhmGWFXyWJi_ejLoXGVr0wp_dk6mXZuSLTKd2GpLU", "expire_date": "2026-04-15T04:36:43.284Z"}}, {"model": "sessions.session", "pk": "lywnpivg9k5vqdnbuyxxt7m1mzathhfu", "fields": {"session_data": ".eJxVjMsOwiAQRf-FtSFAh8K4dO83kIEZbNXQpI-V8d-1SRe6veec-1KJtnVI2yJzGlmdlVWn3y1TeUjbAd-p3SZdprbOY9a7og-66OvE8rwc7t_BQMvwrQEiSmc64NxTKTWWIOALdjZk7Cu5aiwiAUFkC-DAR7Qeqjh2Bjmo9wfagTdU:1vSTdL:6RuA8LEUWQZCLBtaHY2UWJ5WdowtLbD7HuiKqBOLh5o", "expire_date": "2025-12-22T05:18:03.945Z"}}, {"model": "sessions.session", "pk": "lz0bz3v0y5qyti4g11xhubtarucrnh4v", "fields": {"session_data": "e30:1vTHJQ:UwizwVHYmPsyRwVFIqjyABtaq5lnI3Ib7nkHbNR3Jj4", "expire_date": "2025-12-24T10:20:48.307Z"}}, {"model": "sessions.session", "pk": "mf1q9uox9lsqa55iihz7mzqfb04kdumt", "fields": {"session_data": ".eJxVjMsOwiAQRf-FtSFAh8K4dO83kIEZbNXQpI-V8d-1SRe6veec-1KJtnVI2yJzGlmdlVWn3y1TeUjbAd-p3SZdprbOY9a7og-66OvE8rwc7t_BQMvwrQEiSmc64NxTKTWWIOALdjZk7Cu5aiwiAUFkC-DAR7Qeqjh2Bjmo9wfagTdU:1vfYp2:IjVjgrAJ6dP8ojNWWxu0mfqcrnf6LvVXqeOgT1Lw9vQ", "expire_date": "2026-01-27T07:28:12.748Z"}}, {"model": "sessions.session", "pk": "mfhi156ruoxwtydc0tq9phrtichx0nfn", "fields": {"session_data": ".eJxVjMsOwiAQRf-FtSFAh8K4dO83kIEZbNXQpI-V8d-1SRe6veec-1KJtnVI2yJzGlmdlVWn3y1TeUjbAd-p3SZdprbOY9a7og-66OvE8rwc7t_BQMvwrQEiSmc64NxTKTWWIOALdjZk7Cu5aiwiAUFkC-DAR7Qeqjh2Bjmo9wfagTdU:1wAjau:layJN9X4h3tSITbqTtYelAEPNZUt0IdUtUloVbs7SOk", "expire_date": "2026-04-23T07:14:28.975Z"}}, {"model": "sessions.session", "pk": "mxi92pd8a5551ej3jd6ql54v2q2hkr42", "fields": {"session_data": ".eJxVjMsOwiAURP-FtSEXRB4u3fcbyL08pGogKe3K-O_SpAvdTWbOmTfzuK3Fbz0tfo7sygw7_XaE4ZnqPsQH1nvjodV1mYnvCD_WzqcW0-t2sH8HBXsZtsSsASwKC2akLBWgdBmkpgApRkPGaWGTQqEl6XwWFwKnpHXKhuGyzxfOXTc_:1vuk7d:EU3h09MubWTYL55KaxqKB9nfCI4yx75eEnB_eoNy54w", "expire_date": "2026-03-10T04:34:09.627Z"}}, {"model": "sessions.session", "pk": "n1mgiws7iex2sa8ntme4pyzavjwut45a", "fields": {"session_data": ".eJxVjMsOwiAQRf-FtSFAh8K4dO83kIEZbNXQpI-V8d-1SRe6veec-1KJtnVI2yJzGlmdlVWn3y1TeUjbAd-p3SZdprbOY9a7og-66OvE8rwc7t_BQMvwrQEiSmc64NxTKTWWIOALdjZk7Cu5aiwiAUFkC-DAR7Qeqjh2Bjmo9wfagTdU:1vXyqj:Q_ZyX3nxC6UpnKSAQprFcrLkxKmv80wSsOotyewnNFg", "expire_date": "2026-01-06T09:38:37.336Z"}}, {"model": "sessions.session", "pk": "n3ukw4wjkga6z97fe4i5eibdm9id6afy", "fields": {"session_data": ".eJxVjMsOwiAURP-FtSEXRB4u3fcbyL08pGogKe3K-O_SpAvdTWbOmTfzuK3Fbz0tfo7sygw7_XaE4ZnqPsQH1nvjodV1mYnvCD_WzqcW0-t2sH8HBXsZtsSsASwKC2akLBWgdBmkpgApRkPGaWGTQqEl6XwWFwKnpHXKhuGyzxfOXTc_:1wCxG4:p9mFTlHMUrC3QIf0l0CRpwd9h03FKboPxkZb69HYxNo", "expire_date": "2026-04-29T10:14:08.465Z"}}, {"model": "sessions.session", "pk": "neuzljx2kj6zahusil8cv7j85hb09u1k", "fields": {"session_data": ".eJxVjMsOwiAQRf-FtSFAh8K4dO83kIEZbNXQpI-V8d-1SRe6veec-1KJtnVI2yJzGlmdlVWn3y1TeUjbAd-p3SZdprbOY9a7og-66OvE8rwc7t_BQMvwrQEiSmc64NxTKTWWIOALdjZk7Cu5aiwiAUFkC-DAR7Qeqjh2Bjmo9wfagTdU:1w3utI:Ij4rWqcLFZZAeR1_nu-Du9O2zXYN3_sQ_PVrjXsJ0WE", "expire_date": "2026-04-04T11:53:16.527Z"}}, {"model": "sessions.session", "pk": "nj5cxhra1gjp4e0kb27wo2lgi32pte9z", "fields": {"session_data": ".eJxVjMsOwiAQRf-FtSFAh8K4dO83kIEZbNXQpI-V8d-1SRe6veec-1KJtnVI2yJzGlmdlVWn3y1TeUjbAd-p3SZdprbOY9a7og-66OvE8rwc7t_BQMvwrQEiSmc64NxTKTWWIOALdjZk7Cu5aiwiAUFkC-DAR7Qeqjh2Bjmo9wfagTdU:1wAhP6:vcRkL9aBlo25mxZrYX9vHRjynXfL8X5AKwSDdvKp8pg", "expire_date": "2026-04-23T04:54:08.625Z"}}, {"model": "sessions.session", "pk": "npdvvu41r73lrm3kphacyyoq0c5gjx7q", "fields": {"session_data": ".eJxVjMsOwiAURP-FtSEXRB4u3fcbyL08pGogKe3K-O_SpAvdTWbOmTfzuK3Fbz0tfo7sygw7_XaE4ZnqPsQH1nvjodV1mYnvCD_WzqcW0-t2sH8HBXsZtsSsASwKC2akLBWgdBmkpgApRkPGaWGTQqEl6XwWFwKnpHXKhuGyzxfOXTc_:1vXdSH:hJnEgpHT1ZVJbXCPyDR1UQHioERWWL1js2eK_QD05Ps", "expire_date": "2026-01-05T10:47:57.073Z"}}, {"model": "sessions.session", "pk": "o6innljctvqmsdbikvb3dpfw43oqh6wz", "fields": {"session_data": ".eJxVjMsOwiAQRf-FtSFAh8K4dO83kIEZbNXQpI-V8d-1SRe6veec-1KJtnVI2yJzGlmdlVWn3y1TeUjbAd-p3SZdprbOY9a7og-66OvE8rwc7t_BQMvwrQEiSmc64NxTKTWWIOALdjZk7Cu5aiwiAUFkC-DAR7Qeqjh2Bjmo9wfagTdU:1viQcm:cNK767MLqdQAS3qRSFC24jpXNmQ-WcLIMrMx5Hz6Ug8", "expire_date": "2026-02-04T05:19:24.691Z"}}, {"model": "sessions.session", "pk": "o7asegqrb0fs59u8f17x8ewh3l53e836", "fields": {"session_data": ".eJxVjMsOwiAQRf-FtSFAh8K4dO83kIEZbNXQpI-V8d-1SRe6veec-1KJtnVI2yJzGlmdlVWn3y1TeUjbAd-p3SZdprbOY9a7og-66OvE8rwc7t_BQMvwrQEiSmc64NxTKTWWIOALdjZk7Cu5aiwiAUFkC-DAR7Qeqjh2Bjmo9wfagTdU:1vSSoo:hjHV3fCfaJg6DtgOVXx1iIpJxFXQlmorQtK4tgeYZEM", "expire_date": "2025-12-22T04:25:50.212Z"}}, {"model": "sessions.session", "pk": "oe33gunmfhakmtwaqi4mdzpmz6m4fbxi", "fields": {"session_data": ".eJxVjMsOwiAURP-FtSEXRB4u3fcbyL08pGogKe3K-O_SpAvdTWbOmTfzuK3Fbz0tfo7sygw7_XaE4ZnqPsQH1nvjodV1mYnvCD_WzqcW0-t2sH8HBXsZtsSsASwKC2akLBWgdBmkpgApRkPGaWGTQqEl6XwWFwKnpHXKhuGyzxfOXTc_:1vulmM:mzfDXlb2ygXtb5SSb0dovgX1JUyQHxI8gEn6WqFL8so", "expire_date": "2026-03-10T06:20:18.877Z"}}, {"model": "sessions.session", "pk": "oie9503btaxxdr6lsy3ew9zvkw94pfer", "fields": {"session_data": ".eJxVjMsOwiAQRf-FtSFAh8K4dO83kIEZbNXQpI-V8d-1SRe6veec-1KJtnVI2yJzGlmdlVWn3y1TeUjbAd-p3SZdprbOY9a7og-66OvE8rwc7t_BQMvwrQEiSmc64NxTKTWWIOALdjZk7Cu5aiwiAUFkC-DAR7Qeqjh2Bjmo9wfagTdU:1viQ24:iqodhO2WoX2cMtjILwhZO0F7nlI87W_h9Qmhbmj_pzA", "expire_date": "2026-02-04T04:41:28.658Z"}}, {"model": "sessions.session", "pk": "omy3rmuejhkdq5kahrow0k0eugwbhynl", "fields": {"session_data": ".eJxVjDsOwjAQBe_iGlnr9QcvJX3OYPmLA8iW4qRC3B0ipYD2zcx7Mee3tbpt5MXNiV0YAjv9jsHHR247SXffbp3H3tZlDnxX-EEHn3rKz-vh_h1UP-q3LoQCirKWVNbRJECpDWgRiqCCBQxhSIgxYsglkjqTRm-llYBEmRJ7fwDpXTdY:1voEjx:xJzNp1pQiyiXWl1JSLkIJs2_QD1m3mvaAZLKlHYTtFk", "expire_date": "2026-02-20T05:50:49.178Z"}}, {"model": "sessions.session", "pk": "os35ururecvu9ca9vaml7ksnnm4xx5cg", "fields": {"session_data": ".eJxVjMsOwiAURP-FtSEXRB4u3fcbyL08pGogKe3K-O_SpAvdTWbOmTfzuK3Fbz0tfo7sygw7_XaE4ZnqPsQH1nvjodV1mYnvCD_WzqcW0-t2sH8HBXsZtsSsASwKC2akLBWgdBmkpgApRkPGaWGTQqEl6XwWFwKnpHXKhuGyzxfOXTc_:1voESM:c16MekfOD2sCIHtchKfHPjKDyioHiy25Ossn7V8N41g", "expire_date": "2026-02-20T05:32:38.722Z"}}, {"model": "sessions.session", "pk": "oxcikllmrduxqg8hepyis78tixv3fc6f", "fields": {"session_data": ".eJxVjMsOwiAQRf-FtSFAh8K4dO83kIEZbNXQpI-V8d-1SRe6veec-1KJtnVI2yJzGlmdlVWn3y1TeUjbAd-p3SZdprbOY9a7og-66OvE8rwc7t_BQMvwrQEiSmc64NxTKTWWIOALdjZk7Cu5aiwiAUFkC-DAR7Qeqjh2Bjmo9wfagTdU:1vdiQc:xnTNwU5Pa3HRlAIMh2Im_sHaM7tjVIUGXriyLanzNMc", "expire_date": "2026-01-22T05:19:22.085Z"}}, {"model": "sessions.session", "pk": "oyp61jbzuu71gdoig710mzgwi5mc0olh", "fields": {"session_data": ".eJxVjMsOwiAQRf-FtSFAh8K4dO83kIEZbNXQpI-V8d-1SRe6veec-1KJtnVI2yJzGlmdlVWn3y1TeUjbAd-p3SZdprbOY9a7og-66OvE8rwc7t_BQMvwrQEiSmc64NxTKTWWIOALdjZk7Cu5aiwiAUFkC-DAR7Qeqjh2Bjmo9wfagTdU:1voGHn:T49dcAlf_NiJWE7wDgTIjMIkIw4PLhVm9bRA0i27E5s", "expire_date": "2026-02-20T07:29:51.778Z"}}, {"model": "sessions.session", "pk": "ozefnwphtdk6nfjjvjoah80chq1w5px1", "fields": {"session_data": ".eJxVjMsOwiAQRf-FtSFAh8K4dO83kIEZbNXQpI-V8d-1SRe6veec-1KJtnVI2yJzGlmdlVWn3y1TeUjbAd-p3SZdprbOY9a7og-66OvE8rwc7t_BQMvwrQEiSmc64NxTKTWWIOALdjZk7Cu5aiwiAUFkC-DAR7Qeqjh2Bjmo9wfagTdU:1vi5kt:3vofmS3my7K5sgT-wPoOQMjuSnhnoFqrKKvmZ3dWXcQ", "expire_date": "2026-02-03T07:02:23.570Z"}}, {"model": "sessions.session", "pk": "pbfvipvdasgrmt1ch5uz551rgu1umcqu", "fields": {"session_data": ".eJxVjMsOwiAQRf-FtSFAh8K4dO83kIEZbNXQpI-V8d-1SRe6veec-1KJtnVI2yJzGlmdlVWn3y1TeUjbAd-p3SZdprbOY9a7og-66OvE8rwc7t_BQMvwrQEiSmc64NxTKTWWIOALdjZk7Cu5aiwiAUFkC-DAR7Qeqjh2Bjmo9wfagTdU:1wAMDG:AnFGpAUfNfeDQJYpQ9U8ZSEAX8ZXr5F2JntmnXdAJfA", "expire_date": "2026-04-22T06:16:30.273Z"}}, {"model": "sessions.session", "pk": "ph5b160shlzxhdax4walzadkkorx4yhr", "fields": {"session_data": ".eJxVjMsOwiAQRf-FtSFAh8K4dO83kIEZbNXQpI-V8d-1SRe6veec-1KJtnVI2yJzGlmdlVWn3y1TeUjbAd-p3SZdprbOY9a7og-66OvE8rwc7t_BQMvwrQEiSmc64NxTKTWWIOALdjZk7Cu5aiwiAUFkC-DAR7Qeqjh2Bjmo9wfagTdU:1vTC0X:IFlSCTNkVzDl5Q9AT3QCa3DCp6f9VQgXUmrSEBtPpCQ", "expire_date": "2025-12-24T04:40:57.698Z"}}, {"model": "sessions.session", "pk": "ppsfkpr8hzbijj0oqq5ax7mvcpxf4rt8", "fields": {"session_data": ".eJxVjMsOwiAURP-FtSEXRB4u3fcbyL08pGogKe3K-O_SpAvdTWbOmTfzuK3Fbz0tfo7sygw7_XaE4ZnqPsQH1nvjodV1mYnvCD_WzqcW0-t2sH8HBXsZtsSsASwKC2akLBWgdBmkpgApRkPGaWGTQqEl6XwWFwKnpHXKhuGyzxfOXTc_:1vTwHF:CvJcMDaaewCXV-E65SPlFSewxBvIEmQ_P3lJcjKbCgg", "expire_date": "2025-12-26T06:05:17.929Z"}}, {"model": "sessions.session", "pk": "puvv3cegwkqd7uk3iqfaezy2v0wbl6ab", "fields": {"session_data": ".eJxVjMsOwiAQRf-FtSFAh8K4dO83kIEZbNXQpI-V8d-1SRe6veec-1KJtnVI2yJzGlmdlVWn3y1TeUjbAd-p3SZdprbOY9a7og-66OvE8rwc7t_BQMvwrQEiSmc64NxTKTWWIOALdjZk7Cu5aiwiAUFkC-DAR7Qeqjh2Bjmo9wfagTdU:1vbFjG:bjkY5EMW2gnywwKaCEC0pFGMRyFRYV1QG6BEqLIW1ac", "expire_date": "2026-01-15T10:16:26.732Z"}}, {"model": "sessions.session", "pk": "pxfgtkl56bliu323nx4opghc5sjq37ry", "fields": {"session_data": ".eJxVjMsOwiAQRf-FtSFAh8K4dO83kIEZbNXQpI-V8d-1SRe6veec-1KJtnVI2yJzGlmdlVWn3y1TeUjbAd-p3SZdprbOY9a7og-66OvE8rwc7t_BQMvwrQEiSmc64NxTKTWWIOALdjZk7Cu5aiwiAUFkC-DAR7Qeqjh2Bjmo9wfagTdU:1vaTXD:nGkfcrpVL40e2Aep66mI_KHQJc8cCtPwd7XTQolfI6I", "expire_date": "2026-01-13T06:48:47.326Z"}}, {"model": "sessions.session", "pk": "q4s0ni1odybke7wkjmuhlw6bv3cmaacw", "fields": {"session_data": ".eJxVjMsOwiAQRf-FtSFAh8K4dO83kIEZbNXQpI-V8d-1SRe6veec-1KJtnVI2yJzGlmdlVWn3y1TeUjbAd-p3SZdprbOY9a7og-66OvE8rwc7t_BQMvwrQEiSmc64NxTKTWWIOALdjZk7Cu5aiwiAUFkC-DAR7Qeqjh2Bjmo9wfagTdU:1vnsnR:ukoAkWIZHuAS5amJOLid58wwYxtWVqOWWArawN7LOLE", "expire_date": "2026-02-19T06:24:57.641Z"}}, {"model": "sessions.session", "pk": "qdiyoz4s1ab4cvcn9sw1yemivbzt657z", "fields": {"session_data": ".eJxVjMsOwiAQRf-FtSFAh8K4dO83kIEZbNXQpI-V8d-1SRe6veec-1KJtnVI2yJzGlmdlVWn3y1TeUjbAd-p3SZdprbOY9a7og-66OvE8rwc7t_BQMvwrQEiSmc64NxTKTWWIOALdjZk7Cu5aiwiAUFkC-DAR7Qeqjh2Bjmo9wfagTdU:1vdMDU:yoSEuk2hCM8H-9JBtBrA3xrSjCjKM0y0EwXr3Cenuy8", "expire_date": "2026-01-21T05:36:20.653Z"}}, {"model": "sessions.session", "pk": "qmnbhfzxssaeldvc3g0gc9vwgm7p6rb9", "fields": {"session_data": ".eJxVjMsOwiAURP-FtSEXRB4u3fcbyL08pGogKe3K-O_SpAvdTWbOmTfzuK3Fbz0tfo7sygw7_XaE4ZnqPsQH1nvjodV1mYnvCD_WzqcW0-t2sH8HBXsZtsSsASwKC2akLBWgdBmkpgApRkPGaWGTQqEl6XwWFwKnpHXKhuGyzxfOXTc_:1vjFIT:dn9UnUnMLe6O-NsqbkwoMkPSjbukBtw_VSrqy1mfwBk", "expire_date": "2026-02-06T11:25:49.350Z"}}, {"model": "sessions.session", "pk": "qq0pd3txv92jw4n2urtp3q2gntpoi53o", "fields": {"session_data": ".eJxVjMsOwiAURP-FtSEXRB4u3fcbyL08pGogKe3K-O_SpAvdTWbOmTfzuK3Fbz0tfo7sygw7_XaE4ZnqPsQH1nvjodV1mYnvCD_WzqcW0-t2sH8HBXsZtsSsASwKC2akLBWgdBmkpgApRkPGaWGTQqEl6XwWFwKnpHXKhuGyzxfOXTc_:1vv7vG:vSRumH9IAntraIqAE_zzYQ3r-8n93nVvUP2v5yA8Y2Q", "expire_date": "2026-03-11T05:58:58.164Z"}}, {"model": "sessions.session", "pk": "qt3tp5j60ouynqrjjcxufgzjs0vz258x", "fields": {"session_data": ".eJxVjMsOwiAQRf-FtSFAh8K4dO83kIEZbNXQpI-V8d-1SRe6veec-1KJtnVI2yJzGlmdlVWn3y1TeUjbAd-p3SZdprbOY9a7og-66OvE8rwc7t_BQMvwrQEiSmc64NxTKTWWIOALdjZk7Cu5aiwiAUFkC-DAR7Qeqjh2Bjmo9wfagTdU:1voEr1:M6TG2LkF_4hDXgrV6dC8LRXbqckty_ZNBqNqZWhSogM", "expire_date": "2026-02-20T05:58:07.867Z"}}, {"model": "sessions.session", "pk": "qtwotnb7xci2fe7lmp0462x0wsdabpwm", "fields": {"session_data": ".eJxVjMsOwiAQRf-FtSFAh8K4dO83kIEZbNXQpI-V8d-1SRe6veec-1KJtnVI2yJzGlmdlVWn3y1TeUjbAd-p3SZdprbOY9a7og-66OvE8rwc7t_BQMvwrQEiSmc64NxTKTWWIOALdjZk7Cu5aiwiAUFkC-DAR7Qeqjh2Bjmo9wfagTdU:1wAhMZ:ox1Uo7tdv55Vhax9-IwLVEl0PX9_9nbty82kFR6R5i4", "expire_date": "2026-04-23T04:51:31.470Z"}}, {"model": "sessions.session", "pk": "qzto4a4w6xnqyojwuhirgcvwwm3aufry", "fields": {"session_data": ".eJxVjMsOwiAQRf-FtSFAh8K4dO83kIEZbNXQpI-V8d-1SRe6veec-1KJtnVI2yJzGlmdlVWn3y1TeUjbAd-p3SZdprbOY9a7og-66OvE8rwc7t_BQMvwrQEiSmc64NxTKTWWIOALdjZk7Cu5aiwiAUFkC-DAR7Qeqjh2Bjmo9wfagTdU:1vjWXp:O8iragxkuH0se9ia3o-f_8CkBPcpNliMmNZVCnFqZb8", "expire_date": "2026-02-07T05:50:49.307Z"}}, {"model": "sessions.session", "pk": "r0bnj65b3ybepfwmw12qy43nz7ix2h6z", "fields": {"session_data": ".eJxVjMsOwiAURP-FtSEXRB4u3fcbyL08pGogKe3K-O_SpAvdTWbOmTfzuK3Fbz0tfo7sygw7_XaE4ZnqPsQH1nvjodV1mYnvCD_WzqcW0-t2sH8HBXsZtsSsASwKC2akLBWgdBmkpgApRkPGaWGTQqEl6XwWFwKnpHXKhuGyzxfOXTc_:1vjFb7:JiRIos8B1YYgwen58JHp7iKbVzGmnF25gNCxSaz6yzQ", "expire_date": "2026-02-06T11:45:05.232Z"}}, {"model": "sessions.session", "pk": "r6wk0shmv3iaovnt8m88khzgw29mtl9v", "fields": {"session_data": ".eJxVjMsOwiAQRf-FtSFAh8K4dO83kIEZbNXQpI-V8d-1SRe6veec-1KJtnVI2yJzGlmdlVWn3y1TeUjbAd-p3SZdprbOY9a7og-66OvE8rwc7t_BQMvwrQEiSmc64NxTKTWWIOALdjZk7Cu5aiwiAUFkC-DAR7Qeqjh2Bjmo9wfagTdU:1vi4H4:V3D4BknWjk-RiqKGgkN-aRSFQUUO2DkuuCNj5jHT9dk", "expire_date": "2026-02-03T05:27:30.702Z"}}, {"model": "sessions.session", "pk": "r7xkul5z8z3o4irdesjuqi2mml08keyf", "fields": {"session_data": ".eJxVjMsOwiAQRf-FtSFAh8K4dO83kIEZbNXQpI-V8d-1SRe6veec-1KJtnVI2yJzGlmdlVWn3y1TeUjbAd-p3SZdprbOY9a7og-66OvE8rwc7t_BQMvwrQEiSmc64NxTKTWWIOALdjZk7Cu5aiwiAUFkC-DAR7Qeqjh2Bjmo9wfagTdU:1vi9EY:F6suNIU6GZmmG6M0Io8xf1PuRTcqYm9tSkmpIKMnAAo", "expire_date": "2026-02-03T10:45:14.726Z"}}, {"model": "sessions.session", "pk": "r93tov35k4rofcp2ad5fwwp1h2yfnd1b", "fields": {"session_data": ".eJxVjMsOwiAURP-FtSEXRB4u3fcbyL08pGogKe3K-O_SpAvdTWbOmTfzuK3Fbz0tfo7sygw7_XaE4ZnqPsQH1nvjodV1mYnvCD_WzqcW0-t2sH8HBXsZtsSsASwKC2akLBWgdBmkpgApRkPGaWGTQqEl6XwWFwKnpHXKhuGyzxfOXTc_:1w7rzr:BZ9dsV-lOPJqKM5c0LHa5MZLobI7paGj3rzvpADfPyA", "expire_date": "2026-04-15T09:36:23.822Z"}}, {"model": "sessions.session", "pk": "rd1uscoutwmjzi58mfnbhtkopqomeug1", "fields": {"session_data": ".eJxVjMsOwiAURP-FtSEXRB4u3fcbyL08pGogKe3K-O_SpAvdTWbOmTfzuK3Fbz0tfo7sygw7_XaE4ZnqPsQH1nvjodV1mYnvCD_WzqcW0-t2sH8HBXsZtsSsASwKC2akLBWgdBmkpgApRkPGaWGTQqEl6XwWFwKnpHXKhuGyzxfOXTc_:1vliSu:13fjEq2aGuoV_chP7gS98dt28BF5vl64qBTTayyDtxw", "expire_date": "2026-02-13T06:58:48.272Z"}}, {"model": "sessions.session", "pk": "rjgxnhob8kxxow9hsc0trqhion8pjhlb", "fields": {"session_data": ".eJxVjMsOwiAQRf-FtSFAh8K4dO83kIEZbNXQpI-V8d-1SRe6veec-1KJtnVI2yJzGlmdlVWn3y1TeUjbAd-p3SZdprbOY9a7og-66OvE8rwc7t_BQMvwrQEiSmc64NxTKTWWIOALdjZk7Cu5aiwiAUFkC-DAR7Qeqjh2Bjmo9wfagTdU:1wAgwN:tPeHUJd2ke9TugZXqz4KxltWW1SlIJKNDOlwmM2wQV0", "expire_date": "2026-04-23T04:24:27.559Z"}}, {"model": "sessions.session", "pk": "rquig2nq93c7alvgf5tia10j6i31qekk", "fields": {"session_data": ".eJxVjMsOwiAQRf-FtSFAh8K4dO83kIEZbNXQpI-V8d-1SRe6veec-1KJtnVI2yJzGlmdlVWn3y1TeUjbAd-p3SZdprbOY9a7og-66OvE8rwc7t_BQMvwrQEiSmc64NxTKTWWIOALdjZk7Cu5aiwiAUFkC-DAR7Qeqjh2Bjmo9wfagTdU:1vTCxb:Th1edcIoxlfiDB0ieSEFVbbctL2YLGaq9ed7bTHDdHA", "expire_date": "2025-12-24T05:41:59.256Z"}}, {"model": "sessions.session", "pk": "rrp2i73st4b0vyfy1kx5w9e6572mka3r", "fields": {"session_data": ".eJxVjMsOwiAURP-FtSEXRB4u3fcbyL08pGogKe3K-O_SpAvdTWbOmTfzuK3Fbz0tfo7sygw7_XaE4ZnqPsQH1nvjodV1mYnvCD_WzqcW0-t2sH8HBXsZtsSsASwKC2akLBWgdBmkpgApRkPGaWGTQqEl6XwWFwKnpHXKhuGyzxfOXTc_:1wAjZy:U5o19TTieJv5Hanc_6sSXbLm3N36TvC1ybb_-L5UcbQ", "expire_date": "2026-04-23T07:13:30.588Z"}}, {"model": "sessions.session", "pk": "s0dfrsct48y00qemgwpudpxp3213kfpj", "fields": {"session_data": ".eJxVjMsOwiAQRf-FtSFAh8K4dO83kIEZbNXQpI-V8d-1SRe6veec-1KJtnVI2yJzGlmdlVWn3y1TeUjbAd-p3SZdprbOY9a7og-66OvE8rwc7t_BQMvwrQEiSmc64NxTKTWWIOALdjZk7Cu5aiwiAUFkC-DAR7Qeqjh2Bjmo9wfagTdU:1vfbH5:lkSajcHhsun80FiXeS9UhV8aidVul2R-hq-mMlGCZWs", "expire_date": "2026-01-27T10:05:19.114Z"}}, {"model": "sessions.session", "pk": "s3iahm3p2s6hjs4q14b3h92j1542i369", "fields": {"session_data": ".eJxVjMsOwiAQRf-FtSFAh8K4dO83kIEZbNXQpI-V8d-1SRe6veec-1KJtnVI2yJzGlmdlVWn3y1TeUjbAd-p3SZdprbOY9a7og-66OvE8rwc7t_BQMvwrQEiSmc64NxTKTWWIOALdjZk7Cu5aiwiAUFkC-DAR7Qeqjh2Bjmo9wfagTdU:1vSYwl:Yen6Xj0rL_fHZzwKc9CBKdAstTH829-8PsZQclcQb98", "expire_date": "2025-12-22T10:58:27.096Z"}}, {"model": "sessions.session", "pk": "sta9w4uj0upp8078b3ne411wbwvgyx60", "fields": {"session_data": ".eJxVjMsOwiAQRf-FtSFAh8K4dO83kIEZbNXQpI-V8d-1SRe6veec-1KJtnVI2yJzGlmdlVWn3y1TeUjbAd-p3SZdprbOY9a7og-66OvE8rwc7t_BQMvwrQEiSmc64NxTKTWWIOALdjZk7Cu5aiwiAUFkC-DAR7Qeqjh2Bjmo9wfagTdU:1w7tdG:dpq1YK9oqWFQF8Zvw8zsciSTjLp3oxP9xoz35DETgmY", "expire_date": "2026-04-15T11:21:10.810Z"}}, {"model": "sessions.session", "pk": "t77zfwou552ke10rlicyzwbnre0qlqdn", "fields": {"session_data": ".eJxVjMsOwiAQRf-FtSFAh8K4dO83kIEZbNXQpI-V8d-1SRe6veec-1KJtnVI2yJzGlmdlVWn3y1TeUjbAd-p3SZdprbOY9a7og-66OvE8rwc7t_BQMvwrQEiSmc64NxTKTWWIOALdjZk7Cu5aiwiAUFkC-DAR7Qeqjh2Bjmo9wfagTdU:1vZ5lo:JtecjM4moMMImfuCM7J03CM_Rm-LVxgy2PiZXy-WlYo", "expire_date": "2026-01-09T11:14:08.900Z"}}, {"model": "sessions.session", "pk": "t9po7ymhdsff82h7ebe5akfyy1vgcx3n", "fields": {"session_data": ".eJxVjMsOwiAURP-FtSEXRB4u3fcbyL08pGogKe3K-O_SpAvdTWbOmTfzuK3Fbz0tfo7sygw7_XaE4ZnqPsQH1nvjodV1mYnvCD_WzqcW0-t2sH8HBXsZtsSsASwKC2akLBWgdBmkpgApRkPGaWGTQqEl6XwWFwKnpHXKhuGyzxfOXTc_:1vTHOW:b1eIsMsjvnqokNo4k73u2S8QZTDPkrX_ylo7PLdtr5M", "expire_date": "2025-12-24T10:26:04.024Z"}}, {"model": "sessions.session", "pk": "tef3s7irk50lu748mjp3gv3ju28d6j26", "fields": {"session_data": ".eJxVjMsOwiAQRf-FtSFAh8K4dO83kIEZbNXQpI-V8d-1SRe6veec-1KJtnVI2yJzGlmdlVWn3y1TeUjbAd-p3SZdprbOY9a7og-66OvE8rwc7t_BQMvwrQEiSmc64NxTKTWWIOALdjZk7Cu5aiwiAUFkC-DAR7Qeqjh2Bjmo9wfagTdU:1vTCYb:fHfM16cC2OnRAE9UEdnGd8BuEJsGEtzW0VZ7i-y3LR4", "expire_date": "2025-12-24T05:16:09.959Z"}}, {"model": "sessions.session", "pk": "ttcju9cz4484xal64nq4e9mp7tfk1tqx", "fields": {"session_data": ".eJxVjMsOwiAQRf-FtSFAh8K4dO83kIEZbNXQpI-V8d-1SRe6veec-1KJtnVI2yJzGlmdlVWn3y1TeUjbAd-p3SZdprbOY9a7og-66OvE8rwc7t_BQMvwrQEiSmc64NxTKTWWIOALdjZk7Cu5aiwiAUFkC-DAR7Qeqjh2Bjmo9wfagTdU:1viQjj:SJ9bxnLoeO6vYuWFW5Jk3ak51CEuC1eJs4OhfZ9zrgc", "expire_date": "2026-02-04T05:26:35.126Z"}}, {"model": "sessions.session", "pk": "u58fo7cpz9wl5rormweq5x5zi2loeatx", "fields": {"session_data": ".eJxVjMsOwiAQRf-FtSFAh8K4dO83kIEZbNXQpI-V8d-1SRe6veec-1KJtnVI2yJzGlmdlVWn3y1TeUjbAd-p3SZdprbOY9a7og-66OvE8rwc7t_BQMvwrQEiSmc64NxTKTWWIOALdjZk7Cu5aiwiAUFkC-DAR7Qeqjh2Bjmo9wfagTdU:1vSToY:aWQgbVtmGimj42DfoJjyu3jTxyO17ao8_5Ie_TBqcc0", "expire_date": "2025-12-22T05:29:38.606Z"}}, {"model": "sessions.session", "pk": "uiid2ou9k01j2byt0ajwzgw1mgdr4c4s", "fields": {"session_data": ".eJxVjMsOwiAURP-FtSEXRB4u3fcbyL08pGogKe3K-O_SpAvdTWbOmTfzuK3Fbz0tfo7sygw7_XaE4ZnqPsQH1nvjodV1mYnvCD_WzqcW0-t2sH8HBXsZtsSsASwKC2akLBWgdBmkpgApRkPGaWGTQqEl6XwWFwKnpHXKhuGyzxfOXTc_:1vvrOM:Am7bHoct_eLRFHLjjAnNYTo4lkncPK6W3StnmZMXprs", "expire_date": "2026-03-13T06:32:02.800Z"}}, {"model": "sessions.session", "pk": "uilvt9e3wm7u13qxch8qg83vwcxr8ryw", "fields": {"session_data": ".eJxVjMsOwiAURP-FtSEXRB4u3fcbyL08pGogKe3K-O_SpAvdTWbOmTfzuK3Fbz0tfo7sygw7_XaE4ZnqPsQH1nvjodV1mYnvCD_WzqcW0-t2sH8HBXsZtsSsASwKC2akLBWgdBmkpgApRkPGaWGTQqEl6XwWFwKnpHXKhuGyzxfOXTc_:1vSt7w:QuiJIZLah-PlN6R95Qbxgh2D8fYF6lMBnUgn13R1HvY", "expire_date": "2025-12-23T08:31:20.697Z"}}, {"model": "sessions.session", "pk": "umin10pzupntdzx5c66fl3so47k7fwe9", "fields": {"session_data": ".eJxVjMsOwiAURP-FtSEXRB4u3fcbyL08pGogKe3K-O_SpAvdTWbOmTfzuK3Fbz0tfo7sygw7_XaE4ZnqPsQH1nvjodV1mYnvCD_WzqcW0-t2sH8HBXsZtsSsASwKC2akLBWgdBmkpgApRkPGaWGTQqEl6XwWFwKnpHXKhuGyzxfOXTc_:1vns9s:aOP8GlxAz6p-BKHzPHH71QnWL76y2waNOTeqNgNhDeY", "expire_date": "2026-02-19T05:44:04.583Z"}}, {"model": "sessions.session", "pk": "uxqr1ok555sb0ypw1vw30gsx0o19ftcg", "fields": {"session_data": ".eJxVjMsOwiAQRf-FtSFAh8K4dO83kIEZbNXQpI-V8d-1SRe6veec-1KJtnVI2yJzGlmdlVWn3y1TeUjbAd-p3SZdprbOY9a7og-66OvE8rwc7t_BQMvwrQEiSmc64NxTKTWWIOALdjZk7Cu5aiwiAUFkC-DAR7Qeqjh2Bjmo9wfagTdU:1vftip:wXJ8CMFTx6XijpXfNC4Dp7ikLqD-OG8y9SxbB2bIWeU", "expire_date": "2026-01-28T05:47:11.558Z"}}, {"model": "sessions.session", "pk": "uxyyz7i5gvma1535sf00326bqd6ch285", "fields": {"session_data": ".eJxVjMsOwiAQRf-FtSFAh8K4dO83kIEZbNXQpI-V8d-1SRe6veec-1KJtnVI2yJzGlmdlVWn3y1TeUjbAd-p3SZdprbOY9a7og-66OvE8rwc7t_BQMvwrQEiSmc64NxTKTWWIOALdjZk7Cu5aiwiAUFkC-DAR7Qeqjh2Bjmo9wfagTdU:1wMeRc:0OQqp3YRmS5f6muW0KULK1WvaqpVAl8PA4QFMKDK54E", "expire_date": "2026-05-26T04:10:08.745Z"}}, {"model": "sessions.session", "pk": "uzu611f5s8l7ue74cnk6ich5kjhzqrpz", "fields": {"session_data": ".eJxVjMsOwiAQRf-FtSFAh8K4dO83kIEZbNXQpI-V8d-1SRe6veec-1KJtnVI2yJzGlmdlVWn3y1TeUjbAd-p3SZdprbOY9a7og-66OvE8rwc7t_BQMvwrQEiSmc64NxTKTWWIOALdjZk7Cu5aiwiAUFkC-DAR7Qeqjh2Bjmo9wfagTdU:1vSXkr:5I7UjD6ngBTlyxxBlEW-yrHEwH-nAmlXq73GTGAUeXk", "expire_date": "2025-12-22T09:42:05.435Z"}}, {"model": "sessions.session", "pk": "v8j6q6h3agmbpsa3sdmn3nh2r82o6k1q", "fields": {"session_data": ".eJxVjMsOwiAQRf-FtSFAh8K4dO83kIEZbNXQpI-V8d-1SRe6veec-1KJtnVI2yJzGlmdlVWn3y1TeUjbAd-p3SZdprbOY9a7og-66OvE8rwc7t_BQMvwrQEiSmc64NxTKTWWIOALdjZk7Cu5aiwiAUFkC-DAR7Qeqjh2Bjmo9wfagTdU:1vfaeP:UW2cLh02d0Yrt_EBKWk6CSH1ps7FF0rq2gniJLRaQJU", "expire_date": "2026-01-27T09:25:21.988Z"}}, {"model": "sessions.session", "pk": "vr1yefobk9dnjwhpcjoaxss1ft9u7aie", "fields": {"session_data": ".eJxVjMsOwiAQRf-FtSFAh8K4dO83kIEZbNXQpI-V8d-1SRe6veec-1KJtnVI2yJzGlmdlVWn3y1TeUjbAd-p3SZdprbOY9a7og-66OvE8rwc7t_BQMvwrQEiSmc64NxTKTWWIOALdjZk7Cu5aiwiAUFkC-DAR7Qeqjh2Bjmo9wfagTdU:1vXzXd:bW_FXo_1IKl70vQy4b7zoYvRn-DPnNaeR2WtAJBPXPQ", "expire_date": "2026-01-06T10:22:57.932Z"}}, {"model": "sessions.session", "pk": "w3xnrdfp3ygvxlcb7eh64jhpf1eptqtx", "fields": {"session_data": ".eJxVjMsOwiAQRf-FtSFAh8K4dO83kIEZbNXQpI-V8d-1SRe6veec-1KJtnVI2yJzGlmdlVWn3y1TeUjbAd-p3SZdprbOY9a7og-66OvE8rwc7t_BQMvwrQEiSmc64NxTKTWWIOALdjZk7Cu5aiwiAUFkC-DAR7Qeqjh2Bjmo9wfagTdU:1vnEer:ciG6i3cBriW4z5factSJG5Hg9Rzmh0XfKfW-PzUB1vs", "expire_date": "2026-02-17T11:33:25.464Z"}}, {"model": "sessions.session", "pk": "wa53vq4r4vtw19n5flticu6ssb24fot7", "fields": {"session_data": ".eJxVjMsOwiAQRf-FtSFAh8K4dO83kIEZbNXQpI-V8d-1SRe6veec-1KJtnVI2yJzGlmdlVWn3y1TeUjbAd-p3SZdprbOY9a7og-66OvE8rwc7t_BQMvwrQEiSmc64NxTKTWWIOALdjZk7Cu5aiwiAUFkC-DAR7Qeqjh2Bjmo9wfagTdU:1vnsC4:Rnx34zcfuT4nbuzIhDotaaXgUvx6uKkV5KAgf2Sq2YA", "expire_date": "2026-02-19T05:46:20.064Z"}}, {"model": "sessions.session", "pk": "wd6e9atkx1711i71zfjq1sjsxargm2uv", "fields": {"session_data": ".eJxVjMsOwiAQRf-FtSFAh8K4dO83kIEZbNXQpI-V8d-1SRe6veec-1KJtnVI2yJzGlmdlVWn3y1TeUjbAd-p3SZdprbOY9a7og-66OvE8rwc7t_BQMvwrQEiSmc64NxTKTWWIOALdjZk7Cu5aiwiAUFkC-DAR7Qeqjh2Bjmo9wfagTdU:1wAh8E:-UIPA14D6Gu63wdMpIs5seUJId0944SsBS4p3odWnsY", "expire_date": "2026-04-23T04:36:42.343Z"}}, {"model": "sessions.session", "pk": "wk94acim95gcjtv4is66xub7ey312upx", "fields": {"session_data": ".eJxVjMsOwiAQRf-FtSFAh8K4dO83kIEZbNXQpI-V8d-1SRe6veec-1KJtnVI2yJzGlmdlVWn3y1TeUjbAd-p3SZdprbOY9a7og-66OvE8rwc7t_BQMvwrQEiSmc64NxTKTWWIOALdjZk7Cu5aiwiAUFkC-DAR7Qeqjh2Bjmo9wfagTdU:1vfb73:oY_3Juuyuhvo0DeDmkYQysIInnPMM0YdiFRhtUty5nk", "expire_date": "2026-01-27T09:54:57.436Z"}}, {"model": "sessions.session", "pk": "wky9kubcx0r5muu0rxwh10a8g72xfnoj", "fields": {"session_data": ".eJxVjMsOwiAQRf-FtSFAh8K4dO83kIEZbNXQpI-V8d-1SRe6veec-1KJtnVI2yJzGlmdlVWn3y1TeUjbAd-p3SZdprbOY9a7og-66OvE8rwc7t_BQMvwrQEiSmc64NxTKTWWIOALdjZk7Cu5aiwiAUFkC-DAR7Qeqjh2Bjmo9wfagTdU:1viQCR:vZ5kclNivcY9TVEwseR3mDfk8FuKT6G7xmCOtUhDGOc", "expire_date": "2026-02-04T04:52:11.114Z"}}, {"model": "sessions.session", "pk": "wnlzv3zbu9lhyupoqrkn1b5tsms9mubu", "fields": {"session_data": ".eJxVjMsOwiAURP-FtSEXRB4u3fcbyL08pGogKe3K-O_SpAvdTWbOmTfzuK3Fbz0tfo7sygw7_XaE4ZnqPsQH1nvjodV1mYnvCD_WzqcW0-t2sH8HBXsZtsSsASwKC2akLBWgdBmkpgApRkPGaWGTQqEl6XwWFwKnpHXKhuGyzxfOXTc_:1vTGCn:Y0MC4rmSzvuGYGd9dh6GD1Epar0wK_0BZ9DS-7uAU3A", "expire_date": "2025-12-24T09:09:53.748Z"}}, {"model": "sessions.session", "pk": "x9k8wlibam3m207ay608ab3udekfk2z7", "fields": {"session_data": ".eJxVjMsOwiAQRf-FtSFAh8K4dO83kIEZbNXQpI-V8d-1SRe6veec-1KJtnVI2yJzGlmdlVWn3y1TeUjbAd-p3SZdprbOY9a7og-66OvE8rwc7t_BQMvwrQEiSmc64NxTKTWWIOALdjZk7Cu5aiwiAUFkC-DAR7Qeqjh2Bjmo9wfagTdU:1vi5oo:Wsqd3sU2S85d636mNpgBR2iZwcAscJNMLMl-nOKJdDA", "expire_date": "2026-02-03T07:06:26.613Z"}}, {"model": "sessions.session", "pk": "xo3hmao5glw5hsj6uk99cglt1cczuloz", "fields": {"session_data": ".eJxVjMsOwiAQRf-FtSFAh8K4dO83kIEZbNXQpI-V8d-1SRe6veec-1KJtnVI2yJzGlmdlVWn3y1TeUjbAd-p3SZdprbOY9a7og-66OvE8rwc7t_BQMvwrQEiSmc64NxTKTWWIOALdjZk7Cu5aiwiAUFkC-DAR7Qeqjh2Bjmo9wfagTdU:1vSw4a:oLVlPVar_0Z1gW5fNMZ4zKT9Zhi87jUihiNWnM5ySRo", "expire_date": "2025-12-23T11:40:04.028Z"}}, {"model": "sessions.session", "pk": "xrji5uqgmzqpi1vyi01idwq45nr733bb", "fields": {"session_data": ".eJxVjMsOwiAURP-FtSEXRB4u3fcbyL08pGogKe3K-O_SpAvdTWbOmTfzuK3Fbz0tfo7sygw7_XaE4ZnqPsQH1nvjodV1mYnvCD_WzqcW0-t2sH8HBXsZtsSsASwKC2akLBWgdBmkpgApRkPGaWGTQqEl6XwWFwKnpHXKhuGyzxfOXTc_:1vnwsd:yk5obryttufSogfBWNoZ4Xf1Q5fkYsbhMmU7etcOUMk", "expire_date": "2026-02-19T10:46:35.320Z"}}, {"model": "sessions.session", "pk": "yhiacpgvda7u2jvsultgtkk7zcdw1nvj", "fields": {"session_data": ".eJxVjMsOwiAQRf-FtSFAh8K4dO83kIEZbNXQpI-V8d-1SRe6veec-1KJtnVI2yJzGlmdlVWn3y1TeUjbAd-p3SZdprbOY9a7og-66OvE8rwc7t_BQMvwrQEiSmc64NxTKTWWIOALdjZk7Cu5aiwiAUFkC-DAR7Qeqjh2Bjmo9wfagTdU:1w4WqZ:wZiOcPGwXR6qDfqDw_V_dMS2AFQHu32U_ONtj7Ylh-Y", "expire_date": "2026-04-06T04:24:59.226Z"}}, {"model": "sessions.session", "pk": "yjqabyvydlr50jyn4iobd049zzuioeoc", "fields": {"session_data": ".eJxVjMsOwiAQRf-FtSFAh8K4dO83kIEZbNXQpI-V8d-1SRe6veec-1KJtnVI2yJzGlmdlVWn3y1TeUjbAd-p3SZdprbOY9a7og-66OvE8rwc7t_BQMvwrQEiSmc64NxTKTWWIOALdjZk7Cu5aiwiAUFkC-DAR7Qeqjh2Bjmo9wfagTdU:1vf9lI:4Gfl3QEjt1z7vjctEcVnxvU3T_9rgASaVwrJVo3h6Jc", "expire_date": "2026-01-26T04:42:40.543Z"}}, {"model": "sessions.session", "pk": "yq31r5kcj9afwsxh75nts75u04zhdpqs", "fields": {"session_data": ".eJxVjMsOwiAQRf-FtSFAh8K4dO83kIEZbNXQpI-V8d-1SRe6veec-1KJtnVI2yJzGlmdlVWn3y1TeUjbAd-p3SZdprbOY9a7og-66OvE8rwc7t_BQMvwrQEiSmc64NxTKTWWIOALdjZk7Cu5aiwiAUFkC-DAR7Qeqjh2Bjmo9wfagTdU:1vfbIJ:mTf5RQmB4tyjEGzNoXQhgm6QPmqEmKzRQ2_5iKobjQ4", "expire_date": "2026-01-27T10:06:35.368Z"}}, {"model": "sessions.session", "pk": "zm2hws4tk7ib5231nb3diz2vswbzqtad", "fields": {"session_data": ".eJxVjMsOwiAQRf-FtSFAh8K4dO83kIEZbNXQpI-V8d-1SRe6veec-1KJtnVI2yJzGlmdlVWn3y1TeUjbAd-p3SZdprbOY9a7og-66OvE8rwc7t_BQMvwrQEiSmc64NxTKTWWIOALdjZk7Cu5aiwiAUFkC-DAR7Qeqjh2Bjmo9wfagTdU:1vfCMU:sFT8Oas6MVKThFd_AZDSpZa8GnyhOaBjpznmaytjWN0", "expire_date": "2026-01-26T07:29:14.055Z"}}, {"model": "sessions.session", "pk": "zw68zfotgexz2eestcrj5ek9wadekaq5", "fields": {"session_data": ".eJxVjMsOwiAQRf-FtSFAh8K4dO83kIEZbNXQpI-V8d-1SRe6veec-1KJtnVI2yJzGlmdlVWn3y1TeUjbAd-p3SZdprbOY9a7og-66OvE8rwc7t_BQMvwrQEiSmc64NxTKTWWIOALdjZk7Cu5aiwiAUFkC-DAR7Qeqjh2Bjmo9wfagTdU:1vl3i3:WB-IEM3JsbnTxgPprYv7GQXdI9JUGJVaiGy20GPxkuQ", "expire_date": "2026-02-11T11:27:43.319Z"}}, {"model": "sessions.session", "pk": "zwzxmbe1q6dcnf8okkk2xwng8cqevwxo", "fields": {"session_data": ".eJxVjMsOwiAURP-FtSEXRB4u3fcbyL08pGogKe3K-O_SpAvdTWbOmTfzuK3Fbz0tfo7sygw7_XaE4ZnqPsQH1nvjodV1mYnvCD_WzqcW0-t2sH8HBXsZtsSsASwKC2akLBWgdBmkpgApRkPGaWGTQqEl6XwWFwKnpHXKhuGyzxfOXTc_:1vfYo0:OFpjQcJVqcwl8V9xvo3YP_N1ctQPuSSZHfAC2KAeQuA", "expire_date": "2026-01-27T07:27:08.920Z"}}, {"model": "project.faculty", "pk": "F263", "fields": {"user": 22, "pi_name": "Dr Nithyanandan Kanagaraj", "email": "NithyanandanKanagaraj12345@gmail.com", "designation": "Assistant Prof", "department": "PHY", "photo": ""}}, {"model": "project.faculty", "pk": "F313", "fields": {"user": 21, "pi_name": "Dr. Anirban Naskar", "email": "anirbarnaskar1234@gmail.com", "designation": "Assistant Prof", "department": "MAE", "photo": ""}}, {"model": "project.faculty", "pk": "F323", "fields": {"user": 20, "pi_name": "Dr Gaurav Sharma", "email": "gaurava.sharma123@gmail.com", "designation": "Assistant Prof", "department": "BT", "photo": ""}}, {"model": "project.faculty", "pk": "F567", "fields": {"user": 33, "pi_name": "Dr. Shivadhar Singh", "email": "mahadevg1112@gmail.com", "designation": "Assistant Professor", "department": "CSE", "photo": ""}}, {"model": "project.faculty", "pk": "RP132", "fields": {"user": 16, "pi_name": "Dr. Rajesh Ittamalla", "email": "rajesh@gmail.com", "designation": "Assistant Professor", "department": "EM", "photo": ""}}, {"model": "project.faculty", "pk": "RP156", "fields": {"user": 6, "pi_name": "Dr. Gaurav Shrama", "email": "gaurav@gmail.com", "designation": "Assistant Professor", "department": "BT", "photo": ""}}, {"model": "project.faculty", "pk": "RP157", "fields": {"user": 8, "pi_name": "Dr. Biswarup Bhtattacharyya", "email": "biswarup@gmail.com", "designation": "Assistant Professor", "department": "CE", "photo": ""}}, {"model": "project.faculty", "pk": "RP208", "fields": {"user": 17, "pi_name": "Dr. Aiyappan Srinivasan", "email": "aiyappan@gmail.com", "designation": "Assistant Professor", "department": "MA", "photo": ""}}, {"model": "project.faculty", "pk": "RP223", "fields": {"user": 15, "pi_name": "Dr. Jayshree Patnaik", "email": "jayshree@gmail.com", "designation": "Assistant Professor", "department": "EM", "photo": ""}}, {"model": "project.faculty", "pk": "RP234", "fields": {"user": 11, "pi_name": "Dr. Rameshwar Pratap", "email": "rameshwar@gmail.com", "designation": "Assistant Professor", "department": "CSE", "photo": ""}}, {"model": "project.faculty", "pk": "RP332", "fields": {"user": 14, "pi_name": "Dr. Saurav Khuttiya Deori", "email": "saurav@gmail.com", "designation": "Assistant Professor", "department": "DS", "photo": ""}}, {"model": "project.faculty", "pk": "RP456", "fields": {"user": 12, "pi_name": "Dr. Arup Mehta", "email": "arup@gmail.com", "designation": "Assistant Professor", "department": "CY", "photo": ""}}, {"model": "project.faculty", "pk": "RP876", "fields": {"user": 10, "pi_name": "Dr. Ranajit Mondal", "email": "ranajit@gmail.com", "designation": "Assistant Professor", "department": "CHE", "photo": ""}}, {"model": "project.faculty", "pk": "RP887", "fields": {"user": 9, "pi_name": "Dr. Suvin P. Venthuruthiyi", "email": "suvin@gmail.com", "designation": "Assistant Professor", "department": "CE", "photo": ""}}, {"model": "project.faculty", "pk": "RP987", "fields": {"user": 7, "pi_name": "Dr. Meenakshi", "email": "meenakshi@gmail.com", "designation": "Assistant Professor", "department": "CE", "photo": ""}}, {"model": "project.faculty", "pk": "RP991", "fields": {"user": 13, "pi_name": "Dr. Priyadarshi Chakraborty", "email": "priyadarshi@gmail.com", "designation": "Assistant Professor", "department": "CY", "photo": ""}}, {"model": "project.project", "pk": 1, "fields": {"project_short_no": "G101", "project_no": "DST/CE/RP987/2017-18/G101", "gender": "Male", "project_type": "Grant in Aid", "faculty": "RP987", "pi_name": "Dr. Meenakshi", "dept": "CE", "project_title": "To strengthen the PG Teaching and Research facilities in the Department", "gst_no": null, "address_sponsoring_agency": null, "pincode": null, "sponsoring_agency": "SERB-Fellowship", "country": "INDIA", "project_start_date": "2024-06-26", "duration_months": 24, "project_end_date": "2026-06-26", "fellow_student_name": null, "scheme_code": "1817", "scheme_name": "Digital India Programme", "sanction_number": null, "sanction_date": "2024-06-20", "sanction_amount": "7200000.00", "amount_to_be_received": "7200000.00", "total_non_recurring": "700000.00", "total_recurring": "6500000.00", "bank_name_account": null, "remarks": null, "project_status": "ONGOING", "is_extended": false, "extended_end_date": null, "extension_reason": null, "extension_approved_by": null}}, {"model": "project.project", "pk": 2, "fields": {"project_short_no": "G102", "project_no": "DST/CE/F323/2017-18/G102", "gender": "Male", "project_type": "Grant in Aid", "faculty": "F323", "pi_name": "Dr Gaurav Sharma", "dept": "BT", "project_title": "Development of Biomediacl equipments", "gst_no": null, "address_sponsoring_agency": null, "pincode": null, "sponsoring_agency": "DST-INSPIRE", "country": null, "project_start_date": "2017-06-29", "duration_months": 24, "project_end_date": "2022-06-28", "fellow_student_name": null, "scheme_code": "1217.0", "scheme_name": null, "sanction_number": "SR/FST/ETI-415/2016(C) Dated 21.06.2017", "sanction_date": "2017-06-21", "sanction_amount": "7200000.00", "amount_to_be_received": "7200000.00", "total_non_recurring": "6500000.00", "total_recurring": "700000.00", "bank_name_account": null, "remarks": null, "project_status": "CLOSED", "is_extended": false, "extended_end_date": null, "extension_reason": null, "extension_approved_by": null}}, {"model": "project.project", "pk": 3, "fields": {"project_short_no": "G103", "project_no": "DST/CE/RP157/2017-18/G103", "gender": "Male", "project_type": "Grant in Aid", "faculty": "RP157", "pi_name": "Dr. Biswarup Bhtattacharyya", "dept": "CE", "project_title": "Robotics agent", "gst_no": null, "address_sponsoring_agency": null, "pincode": null, "sponsoring_agency": "DST", "country": null, "project_start_date": "2024-07-05", "duration_months": 24, "project_end_date": "2026-11-28", "fellow_student_name": null, "scheme_code": null, "scheme_name": null, "sanction_number": null, "sanction_date": "2024-08-08", "sanction_amount": "500000.00", "amount_to_be_received": "500000.00", "total_non_recurring": "200000.00", "total_recurring": "300000.00", "bank_name_account": null, "remarks": null, "project_status": "ONGOING", "is_extended": false, "extended_end_date": null, "extension_reason": null, "extension_approved_by": null}}, {"model": "project.project", "pk": 4, "fields": {"project_short_no": "G108", "project_no": "DST/CE/F017/2017-18/G108", "gender": "Male", "project_type": "Grant in Aid", "faculty": "F323", "pi_name": "Dr Gaurav Sharma", "dept": "BT", "project_title": "Development of Biomediacl equipments", "gst_no": null, "address_sponsoring_agency": null, "pincode": null, "sponsoring_agency": "DST-INSPIRE", "country": null, "project_start_date": "2017-06-29", "duration_months": 24, "project_end_date": "2022-06-28", "fellow_student_name": null, "scheme_code": "1217", "scheme_name": null, "sanction_number": "SR/FST/ETI-415/2016(C) Dated 21.06.2017", "sanction_date": "2017-06-21", "sanction_amount": "7200000.00", "amount_to_be_received": "7200000.00", "total_non_recurring": "6500000.00", "total_recurring": "700000.00", "bank_name_account": null, "remarks": null, "project_status": "CLOSED", "is_extended": false, "extended_end_date": null, "extension_reason": null, "extension_approved_by": null}}, {"model": "project.project", "pk": 5, "fields": {"project_short_no": "G107", "project_no": "DST/CE/RP987/2019-20/G107", "gender": "Female", "project_type": "Grant in Aid", "faculty": "RP987", "pi_name": "Dr. Meenakshi", "dept": "CE", "project_title": "AI robotics", "gst_no": null, "address_sponsoring_agency": null, "pincode": null, "sponsoring_agency": "DST-INSPIRE", "country": null, "project_start_date": "2019-06-29", "duration_months": 24, "project_end_date": "2024-06-28", "fellow_student_name": null, "scheme_code": "107", "scheme_name": null, "sanction_number": "SR/FST/ETI-415/2016(C) Dated 21.06.2018", "sanction_date": "2019-06-21", "sanction_amount": "1000000.00", "amount_to_be_received": "1000000.00", "total_non_recurring": "400000.00", "total_recurring": "600000.00", "bank_name_account": null, "remarks": null, "project_status": "ONGOING", "is_extended": true, "extended_end_date": "2026-07-25", "extension_reason": "fyjfyjguk", "extension_approved_by": 1}}, {"model": "project.project", "pk": 6, "fields": {"project_short_no": "G118", "project_no": "DST/CE/F567/2017-18/G118", "gender": "Male", "project_type": "Sponsored", "faculty": "F567", "pi_name": "Dr. Shivadhar Singh", "dept": "CSE", "project_title": "Development of computer vision technology", "gst_no": null, "address_sponsoring_agency": null, "pincode": null, "sponsoring_agency": "SERB", "country": null, "project_start_date": "2026-03-29", "duration_months": 48, "project_end_date": "2030-03-28", "fellow_student_name": null, "scheme_code": "7975", "scheme_name": null, "sanction_number": "SR/FST/ETI-415/2016(C) Dated 21.06.2017", "sanction_date": "2026-03-30", "sanction_amount": "8000000.00", "amount_to_be_received": "8000000.00", "total_non_recurring": "5000000.00", "total_recurring": "3000000.00", "bank_name_account": null, "remarks": null, "project_status": "ONGOING", "is_extended": false, "extended_end_date": null, "extension_reason": null, "extension_approved_by": null}}, {"model": "project.project", "pk": 7, "fields": {"project_short_no": "G119", "project_no": "DST/CE/F017/2017-18/G119", "gender": "Male", "project_type": "Sponsored", "faculty": "F567", "pi_name": "Dr. Shivadhar Singh", "dept": "CSE", "project_title": "Computer Vision", "gst_no": null, "address_sponsoring_agency": null, "pincode": null, "sponsoring_agency": "DST-INSPIRE", "country": null, "project_start_date": "2026-04-17", "duration_months": 36, "project_end_date": "2029-04-16", "fellow_student_name": null, "scheme_code": "1235", "scheme_name": null, "sanction_number": "SR/FST/ETI-415/2016(C) Dated 21.06.2017", "sanction_date": "2026-04-16", "sanction_amount": "5000000.00", "amount_to_be_received": "5000000.00", "total_non_recurring": "3000000.00", "total_recurring": "2000000.00", "bank_name_account": null, "remarks": null, "project_status": "ONGOING", "is_extended": false, "extended_end_date": null, "extension_reason": null, "extension_approved_by": null}}, {"model": "project.project", "pk": 8, "fields": {"project_short_no": "G1120", "project_no": "DST/CE/F017/2017-18/G1120", "gender": "Male", "project_type": "Consultancy", "faculty": "F567", "pi_name": "Dr. Shivadhar Singh", "dept": "CSE", "project_title": "AI", "gst_no": null, "address_sponsoring_agency": null, "pincode": null, "sponsoring_agency": "DST-INSPIRE", "country": null, "project_start_date": "2026-04-08", "duration_months": 24, "project_end_date": "2028-04-07", "fellow_student_name": null, "scheme_code": "1123", "scheme_name": null, "sanction_number": "SR/FST/ETI-415/2016(C) Dated 21.06.2017", "sanction_date": "2026-04-10", "sanction_amount": "8000000.00", "amount_to_be_received": "8000000.00", "total_non_recurring": "4000000.00", "total_recurring": "4000000.00", "bank_name_account": null, "remarks": null, "project_status": "ONGOING", "is_extended": false, "extended_end_date": null, "extension_reason": null, "extension_approved_by": null}}, {"model": "project.project", "pk": 9, "fields": {"project_short_no": "S567", "project_no": "DST/CE/F017/2020-24/S567", "gender": "Male", "project_type": "Internal", "faculty": "F313", "pi_name": "Dr. Anirban Naskar", "dept": "MAE", "project_title": "Given for internal project", "gst_no": null, "address_sponsoring_agency": null, "pincode": null, "sponsoring_agency": "SERB", "country": null, "project_start_date": "2026-04-17", "duration_months": 36, "project_end_date": "2029-04-16", "fellow_student_name": null, "scheme_code": "345", "scheme_name": null, "sanction_number": "SR/FST/ETI-415/2016(C) Dated 21.06.2017", "sanction_date": "2026-04-17", "sanction_amount": "50000.00", "amount_to_be_received": "50000.00", "total_non_recurring": "40000.00", "total_recurring": "20000.00", "bank_name_account": null, "remarks": null, "project_status": "ONGOING", "is_extended": false, "extended_end_date": null, "extension_reason": null, "extension_approved_by": null}}, {"model": "project.project", "pk": 10, "fields": {"project_short_no": "G230", "project_no": "DST/CE/F017/2017-18/G230", "gender": "Female", "project_type": "Sponsored", "faculty": "RP208", "pi_name": "Dr. Aiyappan Srinivasan", "dept": "MA", "project_title": "AI", "gst_no": null, "address_sponsoring_agency": null, "pincode": null, "sponsoring_agency": "SERb", "country": null, "project_start_date": "2026-04-08", "duration_months": 12, "project_end_date": "2027-04-07", "fellow_student_name": null, "scheme_code": null, "scheme_name": null, "sanction_number": null, "sanction_date": "2026-04-18", "sanction_amount": "30000.00", "amount_to_be_received": "30000.00", "total_non_recurring": "10000.00", "total_recurring": "20000.00", "bank_name_account": null, "remarks": null, "project_status": "ONGOING", "is_extended": false, "extended_end_date": null, "extension_reason": null, "extension_approved_by": null}}, {"model": "project.project", "pk": 11, "fields": {"project_short_no": "G554", "project_no": "DST/CE/RP987/2025-27/G554", "gender": "Female", "project_type": "Grant in AId", "faculty": "RP987", "pi_name": "Dr. Meenakshi", "dept": "CE", "project_title": "Development of Computer vision advanced technology", "gst_no": null, "address_sponsoring_agency": null, "pincode": null, "sponsoring_agency": "SERB", "country": null, "project_start_date": "2026-04-24", "duration_months": 48, "project_end_date": "2030-04-23", "fellow_student_name": null, "scheme_code": null, "scheme_name": null, "sanction_number": null, "sanction_date": "2025-11-27", "sanction_amount": "4000000.00", "amount_to_be_received": "4000000.00", "total_non_recurring": "2500000.00", "total_recurring": "1500000.00", "bank_name_account": null, "remarks": null, "project_status": "ONGOING", "is_extended": false, "extended_end_date": null, "extension_reason": null, "extension_approved_by": null}}, {"model": "project.project", "pk": 12, "fields": {"project_short_no": "S889", "project_no": "DST/CE/F017/2022-26/S889", "gender": "Female", "project_type": "Sponsored", "faculty": "RP987", "pi_name": "Dr. Meenakshi", "dept": "CE", "project_title": "AI Robotics", "gst_no": null, "address_sponsoring_agency": "ndia.co", "pincode": "309876", "sponsoring_agency": "DST", "country": "INDIA", "project_start_date": "2022-11-19", "duration_months": 48, "project_end_date": "2026-11-18", "fellow_student_name": null, "scheme_code": null, "scheme_name": "DIGITAL INIDA", "sanction_number": null, "sanction_date": "2022-11-23", "sanction_amount": "5000000.00", "amount_to_be_received": "5000000.00", "total_non_recurring": "3000000.00", "total_recurring": "2000000.00", "bank_name_account": null, "remarks": null, "project_status": "ONGOING", "is_extended": false, "extended_end_date": null, "extension_reason": null, "extension_approved_by": null}}, {"model": "project.receipthead", "pk": 1, "fields": {"name": "Equipments"}}, {"model": "project.receipthead", "pk": 2, "fields": {"name": "Consumables"}}, {"model": "project.receipthead", "pk": 3, "fields": {"name": "Manpower"}}, {"model": "project.customuser", "pk": 1, "fields": {"password": "pbkdf2_sha256$1000000$TKTxUPWERW9egLfWqxyYCI$CqQfvoAxhgvmApf5Xks4aubRO7aTeGclUqMCTJRHYPY=", "last_login": "2026-05-12T04:10:08.735Z", "is_superuser": true, "username": "SRC", "first_name": "", "last_name": "", "email": "shivamsingh11012018@gmail.com", "is_staff": true, "is_active": true, "date_joined": "2025-12-04T05:48:39.755Z", "role": "admin", "groups": [], "user_permissions": []}}, {"model": "project.customuser", "pk": 6, "fields": {"password": "pbkdf2_sha256$1000000$6S4yHWKNnhHHIhezmpcIWt$WPew9YWpodw7DGh+yx/XGKDLSyEQXqMTS0g9Pvqo2ZY=", "last_login": null, "is_superuser": false, "username": "gaurav", "first_name": "", "last_name": "", "email": "gaurav@gmail.com", "is_staff": false, "is_active": true, "date_joined": "2025-12-05T04:29:53.985Z", "role": "faculty", "groups": [], "user_permissions": []}}, {"model": "project.customuser", "pk": 7, "fields": {"password": "pbkdf2_sha256$1000000$vARDA8VYFxugtqpvOYgiX4$7uSnzT3A+BIxoqtOeuEwPvU3Xf7FbeU38wT1E4i8aPw=", "last_login": "2026-05-12T04:09:29.680Z", "is_superuser": false, "username": "meenakshi", "first_name": "", "last_name": "", "email": "meenakshi@gmail.com", "is_staff": false, "is_active": true, "date_joined": "2025-12-05T04:31:03.774Z", "role": "faculty", "groups": [], "user_permissions": []}}, {"model": "project.customuser", "pk": 8, "fields": {"password": "pbkdf2_sha256$1000000$A6JyxLu6mRk4lDiNDm5vt8$hInu8MWG+N0nxGY9CrWVKs+b7HRjis5NUBHaz+RrvMY=", "last_login": null, "is_superuser": false, "username": "biswaroop", "first_name": "", "last_name": "", "email": "biswaroop@gmail.com", "is_staff": false, "is_active": true, "date_joined": "2025-12-05T04:32:09.639Z", "role": "faculty", "groups": [], "user_permissions": []}}, {"model": "project.customuser", "pk": 9, "fields": {"password": "pbkdf2_sha256$1000000$g1IVXIL1KdMiTb29euhyq6$Y75sm9Z67YCIpnm9TixNLGpnNdqMYp2JFmycKX4dHCU=", "last_login": null, "is_superuser": false, "username": "Suvin", "first_name": "", "last_name": "", "email": "suvin@gmail.com", "is_staff": false, "is_active": true, "date_joined": "2025-12-05T04:33:50.335Z", "role": "faculty", "groups": [], "user_permissions": []}}, {"model": "project.customuser", "pk": 10, "fields": {"password": "pbkdf2_sha256$1000000$u9yv7sI5AgOWXvUEGWqm9K$TMScWG8o4f4j4bjEIT/ISNNlI/eRN1vlSjeWdpuU6Ew=", "last_login": null, "is_superuser": false, "username": "ranajit", "first_name": "", "last_name": "", "email": "ranajit@gmail.com", "is_staff": false, "is_active": true, "date_joined": "2025-12-05T04:35:49.040Z", "role": "faculty", "groups": [], "user_permissions": []}}, {"model": "project.customuser", "pk": 11, "fields": {"password": "pbkdf2_sha256$1000000$a91JCq3UnDDFUn8y5N2omn$vw5hg9Z9/p8Wcx/glxQIePoyJYw3VCSUQ06miZvLygE=", "last_login": null, "is_superuser": false, "username": "rameshwariith", "first_name": "", "last_name": "", "email": "rameshwar@gmail.com", "is_staff": false, "is_active": true, "date_joined": "2025-12-05T04:37:41.659Z", "role": "faculty", "groups": [], "user_permissions": []}}, {"model": "project.customuser", "pk": 12, "fields": {"password": "pbkdf2_sha256$1000000$JUusfFkjl79yz4whcIKiJs$tkDNdVYahCDPVqE8UzRdKaA93Zt7JkYYZe5hpTltRB8=", "last_login": null, "is_superuser": false, "username": "arupiith", "first_name": "", "last_name": "", "email": "arup@gmail.com", "is_staff": false, "is_active": true, "date_joined": "2025-12-05T04:39:02.982Z", "role": "faculty", "groups": [], "user_permissions": []}}, {"model": "project.customuser", "pk": 13, "fields": {"password": "pbkdf2_sha256$1000000$DMuCpWEXHkGtmB9V2OLSfS$fkAl5aUDJAyZlCASMIWswLAVraerW40qRNRsJUc3T/w=", "last_login": null, "is_superuser": false, "username": "priyadarshiiith", "first_name": "", "last_name": "", "email": "priyadarshi@gmail.com", "is_staff": false, "is_active": true, "date_joined": "2025-12-05T04:41:07.737Z", "role": "faculty", "groups": [], "user_permissions": []}}, {"model": "project.customuser", "pk": 14, "fields": {"password": "pbkdf2_sha256$1000000$IF3AHnEPekql9SNI8gxL9T$MyhQPKdxsBtpJiSQfzGKZ29z0nDaPQYz0CPWl8poPts=", "last_login": null, "is_superuser": false, "username": "sauraviith", "first_name": "", "last_name": "", "email": "saurav@gmail.com", "is_staff": false, "is_active": true, "date_joined": "2025-12-05T04:48:18.248Z", "role": "faculty", "groups": [], "user_permissions": []}}, {"model": "project.customuser", "pk": 15, "fields": {"password": "pbkdf2_sha256$1000000$I12dlXbEgZJ7JC2EU7HODj$KU8daoBZVgftSFcYcvz1mAZSAUcotRrl1ZCRGokKFXg=", "last_login": null, "is_superuser": false, "username": "jayshreeiith", "first_name": "", "last_name": "", "email": "jayshree@gmail.com", "is_staff": false, "is_active": true, "date_joined": "2025-12-05T04:54:24.144Z", "role": "faculty", "groups": [], "user_permissions": []}}, {"model": "project.customuser", "pk": 16, "fields": {"password": "pbkdf2_sha256$1000000$GMlWfcub6jgS3t9WUN68ZU$ysOjBflwE8zBMVbyQ8vfSZX6/Gub09LlM3fMmHUPw4A=", "last_login": null, "is_superuser": false, "username": "rajeshiith", "first_name": "", "last_name": "", "email": "rajesh@gmail.com", "is_staff": false, "is_active": true, "date_joined": "2025-12-05T04:58:40.054Z", "role": "faculty", "groups": [], "user_permissions": []}}, {"model": "project.customuser", "pk": 17, "fields": {"password": "pbkdf2_sha256$1000000$KAdq8QxWJiJVKGXEDXJFyf$fshel+CY7tNs9qfaaSCJNtDWUD1A5oUpV4xgnOxm2CM=", "last_login": null, "is_superuser": false, "username": "aiyappaniith", "first_name": "", "last_name": "", "email": "aiyappan@gmail.com", "is_staff": false, "is_active": true, "date_joined": "2025-12-05T05:00:08.045Z", "role": "faculty", "groups": [], "user_permissions": []}}, {"model": "project.customuser", "pk": 18, "fields": {"password": "pbkdf2_sha256$1000000$wUkmvidJxHOviSKuKTA1V1$OPBlpvJpy25xP9LrWNZWGVcLli4Luc2+kivwVoVJqso=", "last_login": null, "is_superuser": false, "username": "naveen", "first_name": "", "last_name": "", "email": "navin@gmail.com", "is_staff": true, "is_active": true, "date_joined": "2025-12-10T09:27:02.028Z", "role": "admin", "groups": [], "user_permissions": []}}, {"model": "project.customuser", "pk": 19, "fields": {"password": "pbkdf2_sha256$1000000$2dwsjYgReVjwi6yhKZjehb$7RJ2pH+n2G4eDdA7CTDdCmSV1b5ZeSHXLOtghZLL3Oc=", "last_login": "2026-01-19T08:36:01.327Z", "is_superuser": false, "username": "onaveenkumar", "first_name": "", "last_name": "", "email": "onaveen.kumar@admin.iith.ac.in", "is_staff": true, "is_active": true, "date_joined": "2025-12-10T10:02:28.972Z", "role": "admin", "groups": [], "user_permissions": [74, 76]}}, {"model": "project.customuser", "pk": 20, "fields": {"password": "pbkdf2_sha256$1000000$8GKl3QH7jSZuezR2pZbQhY$gZj/hXG+Kd2FOADZdF/rbaZNk7lWG4UNIyiCZKhOfEE=", "last_login": "2026-02-06T05:50:49.172Z", "is_superuser": false, "username": "GauravSharma@", "first_name": "", "last_name": "", "email": "gaurava.sharma123@gmail.com", "is_staff": false, "is_active": true, "date_joined": "2025-12-22T04:57:52.093Z", "role": "faculty", "groups": [], "user_permissions": []}}, {"model": "project.customuser", "pk": 21, "fields": {"password": "pbkdf2_sha256$1000000$x2sOf2GERChrll3rLe1u2d$sPiab3NdzrJ4TY4zWEko5zdVTCzXOHoK6CBISWwfKe8=", "last_login": "2025-12-22T05:12:04.024Z", "is_superuser": false, "username": "AnirbanNaskar@", "first_name": "", "last_name": "", "email": "anirbarnaskar1234@gmail.com", "is_staff": false, "is_active": true, "date_joined": "2025-12-22T05:05:16.847Z", "role": "faculty", "groups": [], "user_permissions": []}}, {"model": "project.customuser", "pk": 22, "fields": {"password": "pbkdf2_sha256$1000000$q0nbNRwBtAmxvoTdESwzMG$J1FzRGvhEYUoTvQcKhwyBIL6vOH8PvmhHH6lv/rsuXk=", "last_login": "2025-12-22T09:59:28.513Z", "is_superuser": false, "username": "NithyanandanKanagaraj@", "first_name": "", "last_name": "", "email": "NithyanandanKanagaraj12345@gmail.com", "is_staff": false, "is_active": true, "date_joined": "2025-12-22T07:06:46.140Z", "role": "faculty", "groups": [], "user_permissions": []}}, {"model": "project.customuser", "pk": 23, "fields": {"password": "pbkdf2_sha256$1000000$rw7E4BzwsoWworaEvz2wo4$KWPyUT0SyOr3JG+/zmSulsdzO82hWbWrxAKTsASoU8A=", "last_login": null, "is_superuser": false, "username": "rajk", "first_name": "", "last_name": "", "email": "rajk@gmail.com", "is_staff": true, "is_active": true, "date_joined": "2026-02-09T05:06:57.599Z", "role": "admin", "groups": [], "user_permissions": []}}, {"model": "project.customuser", "pk": 24, "fields": {"password": "pbkdf2_sha256$1000000$eQwOTOKhf1VVe8zy2A1NLN$o7YDcyTnJMUT/LvlhQMP7CxD4UaMp529fNa3YB3nlmI=", "last_login": "2026-02-25T05:56:04.896Z", "is_superuser": false, "username": "Harsha", "first_name": "Harsha", "last_name": "K", "email": "harsha@gmail.com", "is_staff": true, "is_active": true, "date_joined": "2026-02-24T04:46:52Z", "role": "admin", "groups": [], "user_permissions": [1, 2, 3, 4, 9, 10, 11, 12, 5, 6, 7, 8, 13, 14, 15, 16, 89, 90, 91, 92, 73, 74, 75, 76, 61, 62, 63, 64, 97, 98, 99, 100, 29, 30, 31, 32, 57, 58, 59, 60, 33, 34, 35, 36, 53, 54, 55, 56, 85, 86, 87, 88, 69, 70, 71, 72, 93, 94, 95, 96, 37, 38, 39, 40, 81, 82, 83, 84, 41, 42, 43, 44, 21, 22, 23, 24, 45, 46, 47, 48, 49, 50, 51, 52, 65, 66, 67, 68, 25, 26, 27, 28, 17, 18, 19, 20, 77, 78, 79, 80]}}, {"model": "project.customuser", "pk": 25, "fields": {"password": "pbkdf2_sha256$1000000$07MA3AhRheroRpq8kWRmFW$eyJ1PPGWYiLaemUVJFnIVD25QK5tnVp7ClgqyrE12Vs=", "last_login": null, "is_superuser": false, "username": "anil", "first_name": "Anil", "last_name": "Kumar", "email": "potlachervuanil@gmail.com", "is_staff": true, "is_active": true, "date_joined": "2026-02-25T12:26:14Z", "role": "admin", "groups": [], "user_permissions": [1, 2, 3, 4, 9, 10, 11, 12, 5, 6, 7, 8, 13, 14, 15, 16, 89, 90, 91, 92, 73, 74, 75, 76, 61, 62, 63, 64, 97, 98, 99, 100, 29, 30, 31, 32, 57, 58, 59, 60, 33, 34, 35, 36, 53, 54, 55, 56, 85, 86, 87, 88, 69, 70, 71, 72, 93, 94, 95, 96, 37, 38, 39, 40, 81, 82, 83, 84, 41, 42, 43, 44, 21, 22, 23, 24, 45, 46, 47, 48, 49, 50, 51, 52, 65, 66, 67, 68, 25, 26, 27, 28, 17, 18, 19, 20, 77, 78, 79, 80]}}, {"model": "project.customuser", "pk": 26, "fields": {"password": "pbkdf2_sha256$1000000$4jRzoTHghnjv8hWyYWA2Q8$wMPnCxHGWNqDnbAa4S0rwYDFTHlq2juR98MJihwHrh0=", "last_login": null, "is_superuser": false, "username": "ashoksir", "first_name": "", "last_name": "", "email": "ashok@gmail.com", "is_staff": true, "is_active": true, "date_joined": "2026-02-25T12:51:23.490Z", "role": "admin", "groups": [], "user_permissions": []}}, {"model": "project.customuser", "pk": 27, "fields": {"password": "pbkdf2_sha256$1000000$a9Bh5Z9agBUrmroIJdbStp$t46r4yB6J2RS3QJmOr4WESR8V3VgHNJrrwsgQFq8GLY=", "last_login": null, "is_superuser": false, "username": "gautam", "first_name": "", "last_name": "", "email": "gautam@gmail.com", "is_staff": false, "is_active": true, "date_joined": "2026-02-25T13:00:44.848Z", "role": "faculty", "groups": [], "user_permissions": []}}, {"model": "project.customuser", "pk": 28, "fields": {"password": "pbkdf2_sha256$1000000$eyLSePYPFQY0XKTjH2tM7p$0ttt4gnggDFsBal74xXnF6RvI38K5Cz0t1yDOPCLwng=", "last_login": null, "is_superuser": false, "username": "ramu", "first_name": "", "last_name": "", "email": "gautam@gmail.com", "is_staff": false, "is_active": true, "date_joined": "2026-02-25T13:00:57.987Z", "role": "faculty", "groups": [], "user_permissions": []}}, {"model": "project.customuser", "pk": 29, "fields": {"password": "pbkdf2_sha256$1000000$rLDqkOtv9Lmgr48HhucIF5$QlW9DGMgA8lyIICSUfC3YZ0cJovjOdTCKw2qqIu01RM=", "last_login": null, "is_superuser": false, "username": "bcd", "first_name": "", "last_name": "", "email": "shivaay@gmail.com", "is_staff": false, "is_active": true, "date_joined": "2026-04-08T04:37:40.394Z", "role": "faculty", "groups": [], "user_permissions": []}}, {"model": "project.customuser", "pk": 30, "fields": {"password": "pbkdf2_sha256$1000000$x4euGUfeiDThCZN9KYRyd8$c8NLwN7lWLU2Vn8guq4cEmeuuUdlx1t8f+60ubj0L3M=", "last_login": null, "is_superuser": false, "username": "Sricc", "first_name": "", "last_name": "", "email": "shiva@gmail.com", "is_staff": true, "is_active": true, "date_joined": "2026-04-08T04:46:54.132Z", "role": "admin", "groups": [], "user_permissions": []}}, {"model": "project.customuser", "pk": 31, "fields": {"password": "pbkdf2_sha256$1000000$UnuuzMivloxyYG4t1wwW0K$YKnyGtkCfFAXj7Q7pZdR4q7q/Wy+ShhYo8eH6dKR7yA=", "last_login": null, "is_superuser": false, "username": "hjhjdh", "first_name": "", "last_name": "", "email": "ghij@gmail.com", "is_staff": false, "is_active": true, "date_joined": "2026-04-08T05:26:54.885Z", "role": "faculty", "groups": [], "user_permissions": []}}, {"model": "project.customuser", "pk": 32, "fields": {"password": "pbkdf2_sha256$1000000$TfcOptoFEh6g3ksfWY6Umn$pmMocC9qsqbDNJeOGpt2DhnlfbnU/hPtxHhm/CnRh+E=", "last_login": null, "is_superuser": false, "username": "hjhjdhl", "first_name": "", "last_name": "", "email": "ghij8@gmail.com", "is_staff": true, "is_active": true, "date_joined": "2026-04-08T05:28:13.722Z", "role": "admin", "groups": [], "user_permissions": []}}, {"model": "project.customuser", "pk": 33, "fields": {"password": "pbkdf2_sha256$1000000$rIYkjzWpjWWb2l3rIPf6UM$7x8HqMIPqi8wYo5tWpNiE5zreLsslMCQg4D9PM61AkE=", "last_login": null, "is_superuser": false, "username": "Shiva", "first_name": "Shivadhar", "last_name": "Singh", "email": "mahadevg1112@gmail.com", "is_staff": false, "is_active": true, "date_joined": "2026-04-15T10:16:36Z", "role": "faculty", "groups": [], "user_permissions": []}}, {"model": "project.seedgrant", "pk": 1, "fields": {"grant_no": "SG/IITH/F323/2022-23/SG-139", "short_no": "SG-139", "faculty": "RP156", "pi_name": "Dr. Gaurav Shrama", "dept": "BT", "title": "Medicinal plant-microbe interaction studies can reveal novel insights into the secondary metabolite pathways in Aconitum spp.", "sanction_date": "2023-01-02", "end_date": "2026-07-19", "budget_year1": "2325000.00", "budget_year2": "675000.00", "total_budget": "3000000.00", "equipment": "1035000.00", "consumables": "515000.00", "contingency": "0.00", "travel": "200000.00", "manpower": "1200000.00", "others": "50000.00", "furniture": "0.00", "visitor_expenses": "0.00", "lab_equipment": "0.00", "is_extended": false, "extended_end_date": null, "extension_reason": null, "extension_approved_by": null, "project_status": "ONGOING"}}, {"model": "project.seedgrant", "pk": 2, "fields": {"grant_no": "SG/IITH/F310/2022-23/SG-140", "short_no": "SG-140", "faculty": "RP987", "pi_name": "Dr. Meenakshi", "dept": "CE", "title": "Investigation of Carbon Sequestration Potential of Blended Cements through Early-age Flue Gas Carbon Curing", "sanction_date": "2023-01-02", "end_date": "2026-01-18", "budget_year1": "2050000.00", "budget_year2": "950000.00", "total_budget": "3000000.00", "equipment": "1500000.00", "consumables": "100000.00", "contingency": "0.00", "travel": "100000.00", "manpower": "1200000.00", "others": "100000.00", "furniture": "0.00", "visitor_expenses": "0.00", "lab_equipment": "0.00", "is_extended": true, "extended_end_date": "2026-01-31", "extension_reason": "dean", "extension_approved_by": 1, "project_status": "ONGOING"}}, {"model": "project.seedgrant", "pk": 3, "fields": {"grant_no": "SG/IITH/F299/2022-23/SG-141", "short_no": "SG-141", "faculty": "RP157", "pi_name": "Dr. Biswarup Bhtattacharyya", "dept": "CE", "title": "Towards data-driven Digital Twin by Bayesian informed machine learning for dynamical systems", "sanction_date": "2023-01-02", "end_date": "2026-10-13", "budget_year1": "2295000.00", "budget_year2": "205000.00", "total_budget": "2500000.00", "equipment": "2090000.00", "consumables": "100000.00", "contingency": "50000.00", "travel": "50000.00", "manpower": "0.00", "others": "210000.00", "furniture": "0.00", "visitor_expenses": "0.00", "lab_equipment": "0.00", "is_extended": false, "extended_end_date": null, "extension_reason": null, "extension_approved_by": null, "project_status": "ONGOING"}}, {"model": "project.seedgrant", "pk": 4, "fields": {"grant_no": "SG/IITH/F306/2022-23/SG-142", "short_no": "SG-142", "faculty": "RP887", "pi_name": "Dr. Suvin P. Venthuruthiyi", "dept": "CE", "title": "Title: Development of a Novel Geometric Design Consistency Evaluation Modules using Proactive Safety Assessment", "sanction_date": "2023-01-02", "end_date": "2026-01-20", "budget_year1": "1950000.00", "budget_year2": "1050000.00", "total_budget": "3000000.00", "equipment": "1300000.00", "consumables": "100000.00", "contingency": "0.00", "travel": "200000.00", "manpower": "1200000.00", "others": "200000.00", "furniture": "0.00", "visitor_expenses": "0.00", "lab_equipment": "0.00", "is_extended": false, "extended_end_date": null, "extension_reason": null, "extension_approved_by": null, "project_status": "ONGOING"}}, {"model": "project.seedgrant", "pk": 5, "fields": {"grant_no": "SG/IITH/F305/2022-23/SG-143", "short_no": "SG-143", "faculty": "RP876", "pi_name": "Dr. Ranajit Mondal", "dept": "CHE", "title": "Self-assembly of shape anisotropic colloids in confined drops", "sanction_date": "2023-01-02", "end_date": "2026-01-21", "budget_year1": "2080000.00", "budget_year2": "920000.00", "total_budget": "3000000.00", "equipment": "1190000.00", "consumables": "300000.00", "contingency": "0.00", "travel": "0.00", "manpower": "1200000.00", "others": "310000.00", "furniture": "0.00", "visitor_expenses": "0.00", "lab_equipment": "0.00", "is_extended": false, "extended_end_date": null, "extension_reason": null, "extension_approved_by": null, "project_status": "ONGOING"}}, {"model": "project.seedgrant", "pk": 6, "fields": {"grant_no": "SG/IITH/F308/2022-23/SG-144", "short_no": "SG-144", "faculty": "RP234", "pi_name": "Dr. Rameshwar Pratap", "dept": "CSE", "title": "A new metric to compare matrices and sublinear search", "sanction_date": "2023-01-02", "end_date": "2026-01-09", "budget_year1": "2100000.00", "budget_year2": "900000.00", "total_budget": "3000000.00", "equipment": "1600000.00", "consumables": "0.00", "contingency": "0.00", "travel": "200000.00", "manpower": "1200000.00", "others": "0.00", "furniture": "0.00", "visitor_expenses": "0.00", "lab_equipment": "0.00", "is_extended": false, "extended_end_date": null, "extension_reason": null, "extension_approved_by": null, "project_status": "EXPIRED"}}, {"model": "project.seedgrant", "pk": 7, "fields": {"grant_no": "SG/IITH/F301/2022-23/SG-145", "short_no": "SG-145", "faculty": "RP456", "pi_name": "Dr. Arup Mehta", "dept": "CY", "title": "Computational Modelling of Electron-Phonon Interaction in Metal Halide Perovskites for Next-generation Perovskites Solar Cell", "sanction_date": "2023-01-02", "end_date": "2026-05-27", "budget_year1": "2400000.00", "budget_year2": "100000.00", "total_budget": "2500000.00", "equipment": "2300000.00", "consumables": "200000.00", "contingency": "0.00", "travel": "0.00", "manpower": "0.00", "others": "0.00", "furniture": "0.00", "visitor_expenses": "0.00", "lab_equipment": "0.00", "is_extended": false, "extended_end_date": null, "extension_reason": null, "extension_approved_by": null, "project_status": "ONGOING"}}, {"model": "project.seedgrant", "pk": 8, "fields": {"grant_no": "SG/IITH/F322/2022-23/SG-146", "short_no": "SG-146", "faculty": "RP991", "pi_name": "Dr. Priyadarshi Chakraborty", "dept": "CY", "title": "Cryogels composed of Short-peptides and bio/conductive polymers for cardiac tissue regeneration", "sanction_date": "2023-01-02", "end_date": "2026-01-21", "budget_year1": "2425000.00", "budget_year2": "75000.00", "total_budget": "2500000.00", "equipment": "2300000.00", "consumables": "200000.00", "contingency": "0.00", "travel": "0.00", "manpower": "0.00", "others": "0.00", "furniture": "0.00", "visitor_expenses": "0.00", "lab_equipment": "0.00", "is_extended": true, "extended_end_date": "2026-03-25", "extension_reason": "budget utilization", "extension_approved_by": 1, "project_status": "ONGOING"}}, {"model": "project.seedgrant", "pk": 9, "fields": {"grant_no": "SG/IITH/F319/2022-23/SG-147", "short_no": "SG-147", "faculty": "RP332", "pi_name": "Dr. Saurav Khuttiya Deori", "dept": "DS", "title": "A study on early Architectural ornamentations in the context of North-east India to develop a visual framework.", "sanction_date": "2023-01-02", "end_date": "2026-01-16", "budget_year1": "1949602.00", "budget_year2": "1049602.00", "total_budget": "2999204.00", "equipment": "1300000.00", "consumables": "199204.00", "contingency": "80000.00", "travel": "220000.00", "manpower": "1200000.00", "others": "0.00", "furniture": "0.00", "visitor_expenses": "0.00", "lab_equipment": "0.00", "is_extended": false, "extended_end_date": null, "extension_reason": null, "extension_approved_by": null, "project_status": "EXPIRED"}}, {"model": "project.seedgrant", "pk": 10, "fields": {"grant_no": "SG/IITH/F317/2022-23/SG-148", "short_no": "SG-148", "faculty": "RP223", "pi_name": "Dr. Jayshree Patnaik", "dept": "EM", "title": "EXPLORING DESIGN THINKING PRACTICES IN IDENTIFYING THE UTILITY OF FRUGAL INNOVATION FOR RURAL DEVELOPMENT: AVENUES FOR A SUSTAINABLE FUTURE", "sanction_date": "2023-01-02", "end_date": "2026-11-25", "budget_year1": "905000.00", "budget_year2": "655000.00", "total_budget": "1560000.00", "equipment": "500000.00", "consumables": "10000.00", "contingency": "300000.00", "travel": "700000.00", "manpower": "0.00", "others": "50000.00", "furniture": "0.00", "visitor_expenses": "0.00", "lab_equipment": "0.00", "is_extended": false, "extended_end_date": null, "extension_reason": null, "extension_approved_by": null, "project_status": "ONGOING"}}, {"model": "project.seedgrant", "pk": 11, "fields": {"grant_no": "SG/IITH/F318/2022-23/SG-149", "short_no": "SG-149", "faculty": "RP132", "pi_name": "Dr. Rajesh Ittamalla", "dept": "EM", "title": "Start-up Branding: Determinants, Dynamics, and Management Strategies", "sanction_date": "2023-01-02", "end_date": "2026-12-31", "budget_year1": "650000.00", "budget_year2": "650000.00", "total_budget": "1300000.00", "equipment": "250000.00", "consumables": "0.00", "contingency": "400000.00", "travel": "0.00", "manpower": "0.00", "others": "200000.00", "furniture": "0.00", "visitor_expenses": "0.00", "lab_equipment": "450000.00", "is_extended": false, "extended_end_date": null, "extension_reason": null, "extension_approved_by": null, "project_status": "ONGOING"}}, {"model": "project.seedgrant", "pk": 12, "fields": {"grant_no": "SG/IITH/F303/2022-23/SG-150", "short_no": "SG-150", "faculty": "RP208", "pi_name": "Dr. Aiyappan Srinivasan", "dept": "MA", "title": "Homogenization of rough interface in connection with studying the shielding effect", "sanction_date": "2023-01-02", "end_date": "2026-01-31", "budget_year1": "1210000.00", "budget_year2": "350000.00", "total_budget": "1560000.00", "equipment": "860000.00", "consumables": "200000.00", "contingency": "0.00", "travel": "200000.00", "manpower": "0.00", "others": "300000.00", "furniture": "0.00", "visitor_expenses": "0.00", "lab_equipment": "0.00", "is_extended": false, "extended_end_date": null, "extension_reason": null, "extension_approved_by": null, "project_status": "ONGOING"}}, {"model": "project.seedgrant", "pk": 13, "fields": {"grant_no": "SG/IITH/F313/2022-23/SG-153", "short_no": "SG-153", "faculty": "F313", "pi_name": "Dr. Anirban Naskar", "dept": "MAE", "title": "Development of Shape Adaptive Grinding Facility for Nano-Finishing of Free Form Components", "sanction_date": "2023-01-02", "end_date": "2026-11-24", "budget_year1": "2250000.00", "budget_year2": "250000.00", "total_budget": "2500000.00", "equipment": "2000000.00", "consumables": "400000.00", "contingency": "0.00", "travel": "0.00", "manpower": "0.00", "others": "100000.00", "furniture": "0.00", "visitor_expenses": "0.00", "lab_equipment": "0.00", "is_extended": false, "extended_end_date": null, "extension_reason": null, "extension_approved_by": null, "project_status": "ONGOING"}}, {"model": "project.seedgrant", "pk": 14, "fields": {"grant_no": "SG/IITH/F313/2022-23/SG-178", "short_no": "SG-178", "faculty": "F313", "pi_name": "Dr. Anirban Naskar", "dept": "MAE", "title": "devolpment of machineryies", "sanction_date": "2024-01-17", "end_date": "2028-06-06", "budget_year1": "500000.00", "budget_year2": "500000.00", "total_budget": "1000000.00", "equipment": "200000.00", "consumables": "100000.00", "contingency": "300000.00", "travel": "0.00", "manpower": "400000.00", "others": "0.00", "furniture": "0.00", "visitor_expenses": "0.00", "lab_equipment": "0.00", "is_extended": false, "extended_end_date": null, "extension_reason": null, "extension_approved_by": null, "project_status": "ONGOING"}}, {"model": "project.tdggrant", "pk": 1, "fields": {"grant_no": "TDG/IITH/F263/2024-25/TDG-01", "short_no": "TDG-01", "faculty": "F263", "pi_name": "Dr Nithyanandan Kanagaraj", "co_pi": "Dr Nagarajan Ganapathy", "dept": "PHY", "title": "Development of a Compact Handheld AI-driven Intelligent IR imaging system for the Early Detection of Keratoconus (CARE)", "industry_partner": "Alfaleus Technology Pvt. Ltd., II Floor 654, Vivek Vihar, New Sanganare Road, Jaipur Rajasthan – 302019.", "industry_contribution": "0.00", "sanction_date": "2024-11-01", "end_date": "2026-10-31", "budget_year1": "1755560.00", "budget_year2": "744440.00", "total_budget": "2500000.00", "equipment": "805000.00", "consumables": "300000.00", "contingency": "93880.00", "travel": "50000.00", "manpower": "1101120.00", "others": "150000.00", "furniture": "0.00", "is_extended": false, "extended_end_date": null, "extension_reason": null, "extension_approved_by": null, "project_status": "ONGOING"}}, {"model": "project.tdggrant", "pk": 2, "fields": {"grant_no": "TDG/IITH/F263/2024-25/TDG-04", "short_no": "TDG-04", "faculty": "RP987", "pi_name": "Dr. Meenakshi", "co_pi": null, "dept": "CE", "title": "AI chatbot", "industry_partner": null, "industry_contribution": "0.00", "sanction_date": "2024-02-10", "end_date": "2026-03-20", "budget_year1": "500000.00", "budget_year2": "500000.00", "total_budget": "1000000.00", "equipment": "100000.00", "consumables": "200000.00", "contingency": "200000.00", "travel": "200000.00", "manpower": "200000.00", "others": "0.00", "furniture": "0.00", "is_extended": false, "extended_end_date": null, "extension_reason": "", "extension_approved_by": null, "project_status": "ONGOING"}}, {"model": "project.tdggrant", "pk": 3, "fields": {"grant_no": "TDG/IITH/RP876/2024-25/TDG-07", "short_no": "TDG-07", "faculty": "RP876", "pi_name": "Dr. Ranajit Mondal", "co_pi": null, "dept": "CHE", "title": "AiLenc", "industry_partner": null, "industry_contribution": "0.00", "sanction_date": "2024-08-06", "end_date": "2026-07-25", "budget_year1": "500000.00", "budget_year2": "500000.00", "total_budget": "1000000.00", "equipment": "200000.00", "consumables": "100000.00", "contingency": "200000.00", "travel": "100000.00", "manpower": "100000.00", "others": "300000.00", "furniture": "0.00", "is_extended": false, "extended_end_date": null, "extension_reason": null, "extension_approved_by": null, "project_status": "ONGOING"}}, {"model": "project.tdssection", "pk": 1, "fields": {"section": "92A"}}, {"model": "project.tdssection", "pk": 2, "fields": {"section": "92B"}}, {"model": "project.tdsrate", "pk": 1, "fields": {"section": 1, "percent": "10.00"}}, {"model": "project.tdsrate", "pk": 2, "fields": {"section": 2, "percent": "5.00"}}, {"model": "project.tdsrate", "pk": 3, "fields": {"section": 2, "percent": "6.00"}}, {"model": "project.tdsrate", "pk": 4, "fields": {"section": 1, "percent": "7.00"}}, {"model": "project.billinward", "pk": 1, "fields": {"date": "2025-12-10", "received_from": "Vinay", "faculty": "RP208", "pi_name": "Dr. Aiyappan Srinivasan", "project_no": "G450", "particulars": "abcd", "amount": "45000.00", "under_head": null, "po_no": null, "tds_section": 1, "tds_rate": 1, "tds_amount": "4500.00", "net_amount": "40500.00", "whom_to": 19, "outward_date": null, "bill_status": "processed", "bill_pdf": "bill_pdfs/prn-1743138910096-643088232.pdf", "remarks": "successfully completed"}}, {"model": "project.billinward", "pk": 2, "fields": {"date": "2025-12-10", "received_from": "Vinay", "faculty": "RP987", "pi_name": "Dr. Meenakshi", "project_no": "G360", "particulars": "avfdw", "amount": "50000.00", "under_head": null, "po_no": null, "tds_section": 2, "tds_rate": 2, "tds_amount": "2500.00", "net_amount": "47500.00", "whom_to": 19, "outward_date": null, "bill_status": "pending", "bill_pdf": "bill_pdfs/UG_-_Registration_Forms_-_Checklist_1_rMvAhLs.pdf", "remarks": ""}}, {"model": "project.billinward", "pk": 3, "fields": {"date": "2026-01-16", "received_from": "shivaay", "faculty": "F323", "pi_name": "Dr Gaurav Sharma", "project_no": "G450", "particulars": "vgh", "amount": "70000.00", "under_head": null, "po_no": null, "tds_section": 1, "tds_rate": 1, "tds_amount": "7000.00", "net_amount": "63000.00", "whom_to": 18, "outward_date": null, "bill_status": "pending", "bill_pdf": "bill_pdfs/UG_-_Registration_Forms_-_Checklist_1_6ahDBUm.pdf", "remarks": ""}}, {"model": "project.billinward", "pk": 4, "fields": {"date": "2026-01-17", "received_from": "aBHI", "faculty": "RP987", "pi_name": "Dr. Meenakshi", "project_no": "G360", "particulars": "gghg", "amount": "80000.00", "under_head": null, "po_no": null, "tds_section": null, "tds_rate": null, "tds_amount": "0.00", "net_amount": "80000.00", "whom_to": 19, "outward_date": null, "bill_status": "pending", "bill_pdf": "bill_pdfs/UG_-_Registration_Forms_-_Checklist_1.pdf", "remarks": ""}}, {"model": "project.billinward", "pk": 5, "fields": {"date": "2026-02-24", "received_from": "Vinay", "faculty": "RP987", "pi_name": "Dr. Meenakshi", "project_no": "G101", "particulars": "gthh", "amount": "8000.00", "under_head": null, "po_no": null, "tds_section": null, "tds_rate": null, "tds_amount": "0.00", "net_amount": "8000.00", "whom_to": 24, "outward_date": null, "bill_status": "processed", "bill_pdf": "bill_pdfs/UG_-_Registration_Forms_-_Checklist_1_rhXOnE5.pdf", "remarks": "processed"}}, {"model": "project.expenditure", "pk": 1, "fields": {"date": "2025-04-16", "bill_date": "2025-12-27", "seed_grant": 2, "tdg_grant": null, "project": null, "voucher_no": null, "head": "Equipments", "particulars": "Project sanction", "amount": "5000.00", "remarks": ""}}, {"model": "project.expenditure", "pk": 2, "fields": {"date": "2025-03-29", "bill_date": "2025-12-26", "seed_grant": 5, "tdg_grant": null, "project": null, "voucher_no": null, "head": "Contingency", "particulars": "gdhgd", "amount": "10000.00", "remarks": null}}, {"model": "project.expenditure", "pk": 3, "fields": {"date": "2025-01-16", "bill_date": "2026-02-27", "seed_grant": null, "tdg_grant": null, "project": 1, "voucher_no": null, "head": "Contingency", "particulars": "projectsanction", "amount": "50000.00", "remarks": null}}, {"model": "project.expenditure", "pk": 4, "fields": {"date": "2026-02-27", "bill_date": "2025-05-12", "seed_grant": null, "tdg_grant": 2, "project": null, "voucher_no": null, "head": "Contingency", "particulars": "hdhjvhjv", "amount": "50000.00", "remarks": null}}, {"model": "project.expenditure", "pk": 5, "fields": {"date": "2026-02-24", "bill_date": "2026-01-01", "seed_grant": null, "tdg_grant": null, "project": 1, "voucher_no": null, "head": "Travel", "particulars": "yttuyyr", "amount": "50000.00", "remarks": null}}, {"model": "project.expenditure", "pk": 6, "fields": {"date": "2026-02-24", "bill_date": "2026-01-01", "seed_grant": null, "tdg_grant": null, "project": 1, "voucher_no": null, "head": "Consumables", "particulars": "ghhyh", "amount": "5000.00", "remarks": null}}, {"model": "project.expenditure", "pk": 7, "fields": {"date": "2026-02-24", "bill_date": "2026-01-05", "seed_grant": 12, "tdg_grant": null, "project": null, "voucher_no": null, "head": "Contingency", "particulars": "egtgtg", "amount": "2000.00", "remarks": null}}, {"model": "project.expenditure", "pk": 8, "fields": {"date": "2026-02-24", "bill_date": "2026-01-01", "seed_grant": null, "tdg_grant": null, "project": 1, "voucher_no": null, "head": "Travel", "particulars": "ttg", "amount": "1000.00", "remarks": null}}, {"model": "project.expenditure", "pk": 9, "fields": {"date": "2026-02-25", "bill_date": "2026-01-15", "seed_grant": null, "tdg_grant": 3, "project": null, "voucher_no": null, "head": "Furniture", "particulars": "jhjchgchg", "amount": "6000.00", "remarks": null}}, {"model": "project.expenditure", "pk": 10, "fields": {"date": "2026-03-06", "bill_date": "2026-03-27", "seed_grant": 6, "tdg_grant": null, "project": null, "voucher_no": null, "head": "Visitor Expenses", "particulars": "hjhjj", "amount": "70000.00", "remarks": null}}, {"model": "project.expenditure", "pk": 11, "fields": {"date": "2026-03-06", "bill_date": "2026-03-27", "seed_grant": 6, "tdg_grant": null, "project": null, "voucher_no": null, "head": "Furniture", "particulars": "e4f", "amount": "30000.00", "remarks": null}}, {"model": "project.expenditure", "pk": 12, "fields": {"date": "2026-03-06", "bill_date": "2026-04-25", "seed_grant": 6, "tdg_grant": null, "project": null, "voucher_no": null, "head": "Others", "particulars": "feef", "amount": "1000.00", "remarks": null}}, {"model": "project.commitment", "pk": 3, "fields": {"commitment_code": "69857", "date": "2026-02-24", "bill_date": "2026-01-01", "seed_grant": 2, "tdg_grant": null, "project": null, "voucher_no": null, "head": "Contingency", "particulars": "nmgjbg", "gross_amount": "2500.00", "status": "OPEN", "remarks": null}}, {"model": "project.commitment", "pk": 4, "fields": {"commitment_code": "62617", "date": "2026-02-24", "bill_date": "2025-10-15", "seed_grant": null, "tdg_grant": null, "project": 1, "voucher_no": null, "head": "Others", "particulars": "hjk", "gross_amount": "700000.00", "status": "OPEN", "remarks": null}}, {"model": "project.commitment", "pk": 5, "fields": {"commitment_code": "51086", "date": "2026-03-19", "bill_date": "2026-03-18", "seed_grant": 7, "tdg_grant": null, "project": null, "voucher_no": null, "head": "Contingency", "particulars": "oo", "gross_amount": "100000000.00", "status": "OPEN", "remarks": null}}, {"model": "project.commitment", "pk": 6, "fields": {"commitment_code": "36949", "date": "2026-03-21", "bill_date": "2025-06-04", "seed_grant": null, "tdg_grant": null, "project": 5, "voucher_no": null, "head": "Contingency", "particulars": "hhjdtdhjyf", "gross_amount": "10000.00", "status": "OPEN", "remarks": null}}, {"model": "project.commitment", "pk": 7, "fields": {"commitment_code": "98996", "date": "2026-03-21", "bill_date": "2026-01-01", "seed_grant": null, "tdg_grant": 2, "project": null, "voucher_no": null, "head": "Manpower", "particulars": "edede", "gross_amount": "30000.00", "status": "OPEN", "remarks": null}}, {"model": "project.commitment", "pk": 8, "fields": {"commitment_code": "25940", "date": "2026-03-26", "bill_date": "2025-06-26", "seed_grant": 12, "tdg_grant": null, "project": null, "voucher_no": null, "head": "Equipment", "particulars": "kknnj", "gross_amount": "40000.00", "status": "OPEN", "remarks": null}}, {"model": "project.commitment", "pk": 9, "fields": {"commitment_code": "24494", "date": "2026-04-29", "bill_date": "2025-06-29", "seed_grant": null, "tdg_grant": null, "project": 12, "voucher_no": null, "head": "Manpower", "particulars": "tyy", "gross_amount": "600000.00", "status": "OPEN", "remarks": null}}, {"model": "project.receiptcategory", "pk": 1, "fields": {"name": "Purchase Order"}}, {"model": "project.receiptcategory", "pk": 2, "fields": {"name": "Manpower"}}, {"model": "project.receiptcategory", "pk": 3, "fields": {"name": "Grant In Aid"}}, {"model": "project.receiptcategory", "pk": 4, "fields": {"name": "ponsored"}}, {"model": "project.receipt", "pk": 3, "fields": {"receipt_date": "2026-03-24", "financial_year": "2026-27", "category": 1, "project": null, "seed_grant": 3, "tdg_grant": null, "reference_number": null, "invoice_no": null, "total_amount": "10000.00", "remarks": "dfg"}}, {"model": "project.receipt", "pk": 4, "fields": {"receipt_date": "2026-03-25", "financial_year": "2026-27", "category": 1, "project": 1, "seed_grant": null, "tdg_grant": null, "reference_number": null, "invoice_no": null, "total_amount": "10000.00", "remarks": ""}}, {"model": "project.receipt", "pk": 6, "fields": {"receipt_date": "2026-04-23", "financial_year": "2026-27", "category": 1, "project": null, "seed_grant": 4, "tdg_grant": null, "reference_number": null, "invoice_no": null, "total_amount": "50000.00", "remarks": ""}}, {"model": "project.receipt", "pk": 7, "fields": {"receipt_date": "2022-12-31", "financial_year": "2022-23", "category": 2, "project": 11, "seed_grant": null, "tdg_grant": null, "reference_number": null, "invoice_no": null, "total_amount": "120000.00", "remarks": ""}}, {"model": "project.receiptallocation", "pk": 5, "fields": {"receipt": 3, "head": 2, "amount": "5000.00"}}, {"model": "project.receiptallocation", "pk": 6, "fields": {"receipt": 3, "head": 1, "amount": "5000.00"}}, {"model": "project.receiptallocation", "pk": 7, "fields": {"receipt": 4, "head": 3, "amount": "10000.00"}}, {"model": "project.receiptallocation", "pk": 9, "fields": {"receipt": 6, "head": 1, "amount": "45000.00"}}, {"model": "project.receiptallocation", "pk": 10, "fields": {"receipt": 7, "head": 2, "amount": "100000.00"}}, {"model": "project.receiptallocation", "pk": 11, "fields": {"receipt": 7, "head": 1, "amount": "20000.00"}}, {"model": "project.projectsanctiondistribution", "pk": 1, "fields": {"project": 2, "financial_year": "2024-25", "project_year": 1, "head": 1, "sanctioned_amount": "50000.00", "remarks": null}}, {"model": "project.projectsanctiondistribution", "pk": 2, "fields": {"project": 2, "financial_year": "2024-25", "project_year": 1, "head": 3, "sanctioned_amount": "100000.00", "remarks": null}}, {"model": "project.projectsanctiondistribution", "pk": 3, "fields": {"project": 2, "financial_year": "2024-25", "project_year": 1, "head": 2, "sanctioned_amount": "100000.00", "remarks": null}}, {"model": "project.projectsanctiondistribution", "pk": 4, "fields": {"project": 2, "financial_year": "2025-26", "project_year": 2, "head": 1, "sanctioned_amount": "100000.00", "remarks": null}}, {"model": "project.projectsanctiondistribution", "pk": 5, "fields": {"project": 2, "financial_year": "2025-26", "project_year": 2, "head": 3, "sanctioned_amount": "100000.00", "remarks": null}}, {"model": "project.projectsanctiondistribution", "pk": 6, "fields": {"project": 2, "financial_year": "2025-26", "project_year": 2, "head": 2, "sanctioned_amount": "100000.00", "remarks": null}}, {"model": "project.projectsanctiondistribution", "pk": 7, "fields": {"project": 1, "financial_year": "2024-25", "project_year": 1, "head": 2, "sanctioned_amount": "500000.00", "remarks": ""}}, {"model": "project.projectsanctiondistribution", "pk": 8, "fields": {"project": 1, "financial_year": "2024-25", "project_year": 1, "head": 1, "sanctioned_amount": "200000.00", "remarks": ""}}, {"model": "project.projectsanctiondistribution", "pk": 9, "fields": {"project": 1, "financial_year": "2024-25", "project_year": 1, "head": 3, "sanctioned_amount": "300000.00", "remarks": null}}, {"model": "project.projectsanctiondistribution", "pk": 10, "fields": {"project": 1, "financial_year": "2025-26", "project_year": 2, "head": 1, "sanctioned_amount": "400000.00", "remarks": null}}, {"model": "project.projectsanctiondistribution", "pk": 11, "fields": {"project": 11, "financial_year": "2025-26", "project_year": 1, "head": 1, "sanctioned_amount": "20000.00", "remarks": null}}, {"model": "project.projectsanctiondistribution", "pk": 12, "fields": {"project": 12, "financial_year": "2022-23", "project_year": 1, "head": 1, "sanctioned_amount": "100000.00", "remarks": null}}, {"model": "project.projectsanctiondistribution", "pk": 13, "fields": {"project": 12, "financial_year": "2023-24", "project_year": 2, "head": 3, "sanctioned_amount": "600000.00", "remarks": null}}, {"model": "project.projectsanctiondistribution", "pk": 14, "fields": {"project": 12, "financial_year": "2023-24", "project_year": 2, "head": 1, "sanctioned_amount": "1500000.00", "remarks": null}}, {"model": "project.projectsanctiondistribution", "pk": 15, "fields": {"project": 12, "financial_year": "2024-25", "project_year": 3, "head": 3, "sanctioned_amount": "600000.00", "remarks": null}}, {"model": "project.projectsanctiondistribution", "pk": 16, "fields": {"project": 12, "financial_year": "2024-25", "project_year": 3, "head": 1, "sanctioned_amount": "100000.00", "remarks": null}}, {"model": "project.projectsanctiondistribution", "pk": 17, "fields": {"project": 12, "financial_year": "2024-25", "project_year": 3, "head": 2, "sanctioned_amount": "400000.00", "remarks": null}}, {"model": "project.projectsanctiondistribution", "pk": 18, "fields": {"project": 12, "financial_year": "2025-26", "project_year": 4, "head": 3, "sanctioned_amount": "1000000.00", "remarks": null}}, {"model": "project.payee", "pk": 1, "fields": {"payee_type": "Student", "name_of_payee": "SATYABRATA MAHAPATRA", "emp_code": "PH18RESCH11001", "designation": "", "department": "", "pan": "CNCPM9370E", "gst": "", "account_number": "32231703004", "bank_name": "State Bank of India", "branch": "O U A T  CAMPUS BRANCH", "ifsc": "SBIN0003341", "email": "ph18resch11001@iith.ac.in", "contact_no": "7205501437", "pfms_code": "", "pfms_name": null}}, {"model": "project.payee", "pk": 2, "fields": {"payee_type": "Student", "name_of_payee": "Mr Vishnu A S", "emp_code": "ME20RESCH11002", "designation": "", "department": "", "pan": "BMJPV0451L", "gst": "", "account_number": "118053000018389", "bank_name": "THE SOUTH INDIAN BANK LTD", "branch": "Thoppumpady", "ifsc": "SIBL0000118", "email": "me20resch11002@iith.ac.in", "contact_no": "9037464735", "pfms_code": "", "pfms_name": null}}, {"model": "project.payee", "pk": 3, "fields": {"payee_type": "Student", "name_of_payee": "Vaasudev Narayanan", "emp_code": "CS20MTECH11001", "designation": "", "department": "", "pan": "AUMPN0329B", "gst": "", "account_number": "20235608229", "bank_name": "State Bank of India", "branch": "IIIT - GACHIBOWLI", "ifsc": "SBIN0021161", "email": "cs20mtech11001@iith.ac.in", "contact_no": "7488275371", "pfms_code": "", "pfms_name": null}}, {"model": "project.payee", "pk": 4, "fields": {"payee_type": "Student", "name_of_payee": "Akshay Tulsiram Chabukswar", "emp_code": "EE21RESCH01003", "designation": "", "department": "", "pan": "BDGPC9696C", "gst": "", "account_number": "62287063879", "bank_name": "State Bank of India", "branch": "", "ifsc": "SBIN0020786", "email": "ee21resch01003@iith.ac.in", "contact_no": "8788192527", "pfms_code": "", "pfms_name": null}}, {"model": "project.payee", "pk": 5, "fields": {"payee_type": "Student", "name_of_payee": "Ranjitha K", "emp_code": "cs21resch01002", "designation": "", "department": "", "pan": "AROPK3013E", "gst": "", "account_number": "20223421256", "bank_name": "State Bank of India", "branch": "Payyanur ADB", "ifsc": "SBIN0004686", "email": "cs21resch01002@iith.ac.in", "contact_no": "9581411100", "pfms_code": "", "pfms_name": null}}, {"model": "project.payee", "pk": 6, "fields": {"payee_type": "Student", "name_of_payee": "Kandala Nirupama Sri Ranga Ratna", "emp_code": "LA19RESCH11006", "designation": "", "department": "", "pan": "", "gst": "", "account_number": "20248292004", "bank_name": "State Bank of India", "branch": "J P Nagar Hyderabad", "ifsc": "SBIN0017744", "email": "ratnanirupama@gmail.com", "contact_no": "8179190024", "pfms_code": "", "pfms_name": null}}, {"model": "project.payee", "pk": 7, "fields": {"payee_type": "Student", "name_of_payee": "VENKATA CHERAN DEEP PAMURU", "emp_code": "ES19BTECH11012", "designation": "", "department": "", "pan": "GHAPP4873F", "gst": "", "account_number": "20461071896", "bank_name": "State Bank of India", "branch": "IITH Kandi", "ifsc": "SBIN0014182", "email": "mahadevg1112@gmail.com", "contact_no": "9390303349", "pfms_code": "", "pfms_name": null}}, {"model": "project.payee", "pk": 8, "fields": {"payee_type": "Student", "name_of_payee": "Arkadipta De", "emp_code": "AI20MTECH14002", "designation": "", "department": "", "pan": "CWFPD6752D", "gst": "", "account_number": "20426994056", "bank_name": "State Bank of India", "branch": "O T Road, Uluberia, Howrah", "ifsc": "SBIN0000199", "email": "de.arkadipta05@gmail.com", "contact_no": "8017313282", "pfms_code": "", "pfms_name": null}}, {"model": "project.payee", "pk": 9, "fields": {"payee_type": "Student", "name_of_payee": "Deepak Prakashrao Arbat", "emp_code": "MS19BTECH11002", "designation": "", "department": "", "pan": "DSHPA0978R", "gst": "", "account_number": "6321101003995", "bank_name": "CANARA BANK", "branch": "Daryapur, Banosa", "ifsc": "CNRB0006321", "email": "deepakarbat123@gmail.com", "contact_no": "7083338138", "pfms_code": "", "pfms_name": null}}, {"model": "project.payee", "pk": 10, "fields": {"payee_type": "Student", "name_of_payee": "GARIMELLA SAI MANIKIRAN", "emp_code": "CH18RESCH01003", "designation": "639", "department": "", "pan": "BMMPG2355R", "gst": "", "account_number": "31886735549", "bank_name": "State Bank of India", "branch": "VENKATNAGAR, KAKINADA", "ifsc": "SBIN0013392", "email": "ch18resch01003@iith.ac.in", "contact_no": "9493467528", "pfms_code": "", "pfms_name": null}}, {"model": "project.payee", "pk": 11, "fields": {"payee_type": "Student", "name_of_payee": "MUCHUMARRI CHAITANYA REDDY", "emp_code": "CS20RESCH11001", "designation": "", "department": "", "pan": "BEKPM1880B", "gst": "", "account_number": "20169942859", "bank_name": "State Bank of India", "branch": "ISM CAMPUS", "ifsc": "SBIN0001641", "email": "cs20resch11001@iith.ac.in", "contact_no": "", "pfms_code": "", "pfms_name": null}}, {"model": "project.paymenttype", "pk": 1, "fields": {"name": "Reimbursement"}}, {"model": "project.paymenttype", "pk": 2, "fields": {"name": "Purchase Order"}}, {"model": "project.paymenttype", "pk": 3, "fields": {"name": "Manpower"}}, {"model": "project.paymenttype", "pk": 4, "fields": {"name": "Stipend"}}, {"model": "project.bank", "pk": 1, "fields": {"bank_name": "Bank Of Maharastra", "short_no": "BOM-0397", "account_no": "60421880397", "scheme_code": "1817", "is_active": true}}, {"model": "project.bank", "pk": 2, "fields": {"bank_name": "Canara Bank", "short_no": "CNRB-3905", "account_no": "110075043905", "scheme_code": "1826", "is_active": true}}, {"model": "project.bank", "pk": 3, "fields": {"bank_name": "ICICI", "short_no": "ICICI-0265", "account_no": "787601000265", "scheme_code": "0150", "is_active": true}}, {"model": "project.bank", "pk": 4, "fields": {"bank_name": "IIT OVERHEAD", "short_no": "SBI-6788-OH", "account_no": "34961326788", "scheme_code": null, "is_active": true}}, {"model": "project.bank", "pk": 5, "fields": {"bank_name": "RBI", "short_no": "RBI-1047", "account_no": "10679501047", "scheme_code": "2354", "is_active": true}}, {"model": "project.bank", "pk": 6, "fields": {"bank_name": "Union Bank of India", "short_no": "UBI-0873", "account_no": "111222010000873", "scheme_code": "1819", "is_active": true}}, {"model": "project.payment", "pk": 1, "fields": {"funding_type": "SEED", "funding_id": 1, "seed_grant": 1, "tdg_grant": null, "project": null, "date": "2026-02-28", "bill_date": "2024-12-31", "payment_type": 2, "head": 1, "commitment": 3, "payee": 1, "bank": 1, "cheque_no": "67859", "utr_no": null, "payee_bank_name": "State Bank of India", "payee_branch_name": "O U A T  CAMPUS BRANCH", "payee_account_no": "32231703004", "payee_ifsc": "SBIN0003341", "payee_pan": "CNCPM9370E", "pi_name": "Dr. Gaurav Shrama", "pi_email": "gaurav@gmail.com", "amount": "2000.00", "tds_section": 2, "tds_rate": 2, "tds_amount": "100.00", "gst_tds_type": null, "igst_tds": "0", "cgst_tds": "0", "sgst_tds": "0", "net_amount": "1900", "purpose": "", "payee_email": "ph18resch11001@iith.ac.in", "other_email": null, "cc_email_default": null, "cc_email_po_store": null, "payment_status": "PROCESSED", "email_sent_log": ""}}, {"model": "project.payment", "pk": 2, "fields": {"funding_type": "SEED", "funding_id": 3, "seed_grant": 3, "tdg_grant": null, "project": null, "date": "2026-02-20", "bill_date": "2026-01-14", "payment_type": 1, "head": 3, "commitment": null, "payee": 1, "bank": 1, "cheque_no": null, "utr_no": null, "payee_bank_name": null, "payee_branch_name": null, "payee_account_no": null, "payee_ifsc": null, "payee_pan": null, "pi_name": "Dr. Biswarup Bhtattacharyya", "pi_email": "biswarup@gmail.com", "amount": "10000.00", "tds_section": 2, "tds_rate": 3, "tds_amount": "600.00", "gst_tds_type": null, "igst_tds": "0", "cgst_tds": "0", "sgst_tds": "0", "net_amount": "9400", "purpose": null, "payee_email": "ph18resh11001@iith.ac.in", "other_email": null, "cc_email_default": null, "cc_email_po_store": null, "payment_status": "PROCESSED", "email_sent_log": null}}, {"model": "project.payment", "pk": 3, "fields": {"funding_type": "PROJECT", "funding_id": 5, "seed_grant": null, "tdg_grant": null, "project": 5, "date": "2026-03-21", "bill_date": "2025-11-21", "payment_type": 2, "head": 1, "commitment": 6, "payee": 1, "bank": 1, "cheque_no": null, "utr_no": null, "payee_bank_name": "State Bank of India", "payee_branch_name": "OUAT CAMPUS BRANCH", "payee_account_no": "32231703004", "payee_ifsc": "SBIN0003341", "payee_pan": "CNCPM9370E", "pi_name": "Dr. Meenakshi", "pi_email": "meenakshi@gmail.com", "amount": "9000.00", "tds_section": 1, "tds_rate": 4, "tds_amount": "630.00", "gst_tds_type": null, "igst_tds": "0", "cgst_tds": "0", "sgst_tds": "0", "net_amount": "8370", "purpose": null, "payee_email": "ph18resh11001@iith.ac.in", "other_email": null, "cc_email_default": null, "cc_email_po_store": null, "payment_status": "PROCESSED", "email_sent_log": null}}, {"model": "project.payment", "pk": 4, "fields": {"funding_type": "TDG", "funding_id": 2, "seed_grant": null, "tdg_grant": 2, "project": null, "date": "2026-03-23", "bill_date": "2026-03-01", "payment_type": 3, "head": 3, "commitment": 7, "payee": 1, "bank": 1, "cheque_no": "89789", "utr_no": null, "payee_bank_name": "State Bank of India", "payee_branch_name": "OUAT CAMPUS BRANCH", "payee_account_no": "32231703004", "payee_ifsc": "SBIN0003341", "payee_pan": "CNCPM9370E", "pi_name": "Dr. Meenakshi", "pi_email": "meenakshi@gmail.com", "amount": "15000.00", "tds_section": 2, "tds_rate": 3, "tds_amount": "900.00", "gst_tds_type": null, "igst_tds": "0", "cgst_tds": "0", "sgst_tds": "0", "net_amount": "14100", "purpose": null, "payee_email": "ph18resch11001@iith.ac.in", "other_email": null, "cc_email_default": null, "cc_email_po_store": null, "payment_status": "PROCESSED", "email_sent_log": null}}, {"model": "project.payment", "pk": 5, "fields": {"funding_type": "TDG", "funding_id": 1, "seed_grant": null, "tdg_grant": 1, "project": null, "date": "2026-03-24", "bill_date": "2026-03-01", "payment_type": 1, "head": 1, "commitment": null, "payee": 1, "bank": 1, "cheque_no": null, "utr_no": null, "payee_bank_name": "State Bank of India", "payee_branch_name": "OUAT CAMPUS BRANCH", "payee_account_no": "32231703004", "payee_ifsc": "SBIN0003341", "payee_pan": "CNCPM9370E", "pi_name": "Dr Nithyanandan Kanagaraj", "pi_email": "NithyanandanKanagaraj12345@gmail.com", "amount": "400000.00", "tds_section": 2, "tds_rate": 3, "tds_amount": "24000.00", "gst_tds_type": null, "igst_tds": "0", "cgst_tds": "0", "sgst_tds": "0", "net_amount": "376000", "purpose": null, "payee_email": "ph18resh11001@iith.ac.in", "other_email": null, "cc_email_default": null, "cc_email_po_store": null, "payment_status": "PROCESSED", "email_sent_log": null}}, {"model": "project.payment", "pk": 8, "fields": {"funding_type": null, "funding_id": null, "seed_grant": 12, "tdg_grant": null, "project": null, "date": "2026-03-26", "bill_date": "2025-08-26", "payment_type": 2, "head": 1, "commitment": 8, "payee": 1, "bank": 1, "cheque_no": null, "utr_no": null, "payee_bank_name": "State Bank of India", "payee_branch_name": "OUAT CAMPUS BRANCH", "payee_account_no": "32231703004", "payee_ifsc": "SBIN0003341", "payee_pan": "CNCPM9370E", "pi_name": "Dr. Aiyappan Srinivasan", "pi_email": "aiyappan@gmail.com", "amount": "5000.00", "tds_section": null, "tds_rate": null, "tds_amount": "0.00", "gst_tds_type": null, "igst_tds": "0", "cgst_tds": "0", "sgst_tds": "0", "net_amount": "5000", "purpose": null, "payee_email": "ph18resh11001@iith.ac.in", "other_email": null, "cc_email_default": null, "cc_email_po_store": null, "payment_status": "PROCESSED", "email_sent_log": null}}, {"model": "project.payment", "pk": 9, "fields": {"funding_type": null, "funding_id": null, "seed_grant": 12, "tdg_grant": null, "project": null, "date": "2026-03-26", "bill_date": "2025-10-26", "payment_type": 2, "head": 1, "commitment": 8, "payee": 1, "bank": 1, "cheque_no": null, "utr_no": null, "payee_bank_name": "State Bank of India", "payee_branch_name": "OUAT CAMPUS BRANCH", "payee_account_no": "32231703004", "payee_ifsc": "SBIN0003341", "payee_pan": "CNCPM9370E", "pi_name": "Dr. Aiyappan Srinivasan", "pi_email": "aiyappan@gmail.com", "amount": "20000.00", "tds_section": null, "tds_rate": null, "tds_amount": "0.00", "gst_tds_type": null, "igst_tds": "0", "cgst_tds": "0", "sgst_tds": "0", "net_amount": "20000", "purpose": null, "payee_email": "ph18resh11001@iith.ac.in", "other_email": null, "cc_email_default": null, "cc_email_po_store": null, "payment_status": "PROCESSED", "email_sent_log": null}}, {"model": "project.payment", "pk": 11, "fields": {"funding_type": null, "funding_id": null, "seed_grant": null, "tdg_grant": null, "project": 1, "date": "2026-04-01", "bill_date": "2026-02-01", "payment_type": 1, "head": 1, "commitment": null, "payee": 1, "bank": 1, "cheque_no": null, "utr_no": null, "payee_bank_name": "State Bank of India", "payee_branch_name": "OUAT CAMPUS BRANCH", "payee_account_no": "32231703004", "payee_ifsc": "SBIN0003341", "payee_pan": "CNCPM9370E", "pi_name": "Dr. Meenakshi", "pi_email": "meenakshi@gmail.com", "amount": "30000.00", "tds_section": null, "tds_rate": null, "tds_amount": "0.00", "gst_tds_type": null, "igst_tds": "0", "cgst_tds": "0", "sgst_tds": "0", "net_amount": "30000", "purpose": null, "payee_email": "ph18resh11001@iith.ac.in", "other_email": null, "cc_email_default": null, "cc_email_po_store": null, "payment_status": "PROCESSED", "email_sent_log": null}}, {"model": "project.payment", "pk": 12, "fields": {"funding_type": null, "funding_id": null, "seed_grant": null, "tdg_grant": null, "project": 1, "date": "2026-04-01", "bill_date": "2026-04-01", "payment_type": 3, "head": 3, "commitment": 4, "payee": 1, "bank": 1, "cheque_no": null, "utr_no": null, "payee_bank_name": "State Bank of India", "payee_branch_name": "OUAT CAMPUS BRANCH", "payee_account_no": "32231703004", "payee_ifsc": "SBIN0003341", "payee_pan": "CNCPM9370E", "pi_name": "Dr. Meenakshi", "pi_email": "meenakshi@gmail.com", "amount": "50000.00", "tds_section": 1, "tds_rate": 4, "tds_amount": "3500.00", "gst_tds_type": null, "igst_tds": "0", "cgst_tds": "0", "sgst_tds": "0", "net_amount": "46500", "purpose": null, "payee_email": "ph18resh11001@iith.ac.in", "other_email": null, "cc_email_default": null, "cc_email_po_store": null, "payment_status": "PROCESSED", "email_sent_log": null}}, {"model": "project.payment", "pk": 13, "fields": {"funding_type": null, "funding_id": null, "seed_grant": null, "tdg_grant": null, "project": 1, "date": "2026-04-01", "bill_date": "2026-02-18", "payment_type": 2, "head": 3, "commitment": 4, "payee": 1, "bank": 1, "cheque_no": null, "utr_no": null, "payee_bank_name": "State Bank of India", "payee_branch_name": "OUAT CAMPUS BRANCH", "payee_account_no": "32231703004", "payee_ifsc": "SBIN0003341", "payee_pan": "CNCPM9370E", "pi_name": "Dr. Meenakshi", "pi_email": "meenakshi@gmail.com", "amount": "400000.00", "tds_section": null, "tds_rate": null, "tds_amount": "0.00", "gst_tds_type": null, "igst_tds": "0", "cgst_tds": "0", "sgst_tds": "0", "net_amount": "400000", "purpose": null, "payee_email": "ph18resh11001@iith.ac.in", "other_email": null, "cc_email_default": null, "cc_email_po_store": null, "payment_status": "PROCESSED", "email_sent_log": null}}, {"model": "project.payment", "pk": 14, "fields": {"funding_type": null, "funding_id": null, "seed_grant": null, "tdg_grant": null, "project": 12, "date": "2026-04-29", "bill_date": "2026-04-17", "payment_type": 2, "head": 3, "commitment": 9, "payee": 1, "bank": 2, "cheque_no": "88979", "utr_no": null, "payee_bank_name": "State Bank of India", "payee_branch_name": "O U A T  CAMPUS BRANCH", "payee_account_no": "32231703004", "payee_ifsc": "SBIN0003341", "payee_pan": "CNCPM9370E", "pi_name": "Dr. Meenakshi", "pi_email": "meenakshi@gmail.com", "amount": "80000.00", "tds_section": 2, "tds_rate": 2, "tds_amount": "4000.00", "gst_tds_type": null, "igst_tds": "0", "cgst_tds": "0", "sgst_tds": "0", "net_amount": "76000", "purpose": null, "payee_email": "ph18resch11001@iith.ac.in", "other_email": null, "cc_email_default": null, "cc_email_po_store": null, "payment_status": "PROCESSED", "email_sent_log": null}}, {"model": "project.payment", "pk": 15, "fields": {"funding_type": null, "funding_id": null, "seed_grant": null, "tdg_grant": null, "project": 12, "date": "2026-04-30", "bill_date": "2026-04-18", "payment_type": 1, "head": 2, "commitment": null, "payee": 7, "bank": 2, "cheque_no": "88979", "utr_no": null, "payee_bank_name": "State Bank of India", "payee_branch_name": "IITH Kandi", "payee_account_no": "20461071896", "payee_ifsc": "SBIN0014182", "payee_pan": "GHAPP4873F", "pi_name": "Dr. Meenakshi", "pi_email": "meenakshi@gmail.com", "amount": "80000.00", "tds_section": null, "tds_rate": null, "tds_amount": "0.00", "gst_tds_type": null, "igst_tds": "0", "cgst_tds": "0", "sgst_tds": "0", "net_amount": "80000", "purpose": null, "payee_email": "mahadevg112@gmail.com", "other_email": null, "cc_email_default": "office.src@iith.ac.in", "cc_email_po_store": null, "payment_status": "PAID", "email_sent_log": "29-Apr-2026 10:34 - sent to mahadevg112@gmail.com, cc:office.src@iith.ac.in, meenakshi@gmail.com"}}, {"model": "project.payment", "pk": 16, "fields": {"funding_type": null, "funding_id": null, "seed_grant": null, "tdg_grant": null, "project": 12, "date": "2026-04-28", "bill_date": "2026-04-09", "payment_type": 2, "head": 1, "commitment": 9, "payee": 7, "bank": 2, "cheque_no": "88979", "utr_no": null, "payee_bank_name": "State Bank of India", "payee_branch_name": "IITH Kandi", "payee_account_no": "20461071896", "payee_ifsc": "SBIN0014182", "payee_pan": "GHAPP4873F", "pi_name": "Dr. Meenakshi", "pi_email": "meenakshi@gmail.com", "amount": "20000.00", "tds_section": null, "tds_rate": null, "tds_amount": "0.00", "gst_tds_type": null, "igst_tds": "0", "cgst_tds": "0", "sgst_tds": "0", "net_amount": "20000", "purpose": "", "payee_email": "mahadevg112@gmail.com", "other_email": null, "cc_email_default": "office.src@iith.ac.in", "cc_email_po_store": null, "payment_status": "PAID", "email_sent_log": "30-Apr-2026 04:56 - sent to mahadevg112@gmail.com, cc:office.src@iith.ac.in, meenakshi@gmail.com"}}, {"model": "project.payment", "pk": 17, "fields": {"funding_type": null, "funding_id": null, "seed_grant": null, "tdg_grant": null, "project": 12, "date": "2026-04-29", "bill_date": "2026-04-15", "payment_type": 4, "head": 2, "commitment": null, "payee": 7, "bank": 2, "cheque_no": "88979", "utr_no": null, "payee_bank_name": "State Bank of India", "payee_branch_name": "IITH Kandi", "payee_account_no": "20461071896", "payee_ifsc": "SBIN0014182", "payee_pan": "GHAPP4873F", "pi_name": "Dr. Meenakshi", "pi_email": "meenakshi@gmail.com", "amount": "20000.00", "tds_section": null, "tds_rate": null, "tds_amount": "0.00", "gst_tds_type": null, "igst_tds": "0", "cgst_tds": "0", "sgst_tds": "0", "net_amount": "20000", "purpose": null, "payee_email": "mahadevg1112@gmail.com", "other_email": null, "cc_email_default": "office.src@iith.ac.in", "cc_email_po_store": null, "payment_status": "PAID", "email_sent_log": "29-Apr-2026 10:37 - sent to mahadevg1112@gmail.com, cc:office.src@iith.ac.in, meenakshi@gmail.com"}}, {"model": "project.payment", "pk": 18, "fields": {"funding_type": null, "funding_id": null, "seed_grant": 2, "tdg_grant": null, "project": null, "date": "2026-05-13", "bill_date": "2025-07-13", "payment_type": 2, "head": 1, "commitment": 3, "payee": 7, "bank": 4, "cheque_no": "", "utr_no": null, "payee_bank_name": "State Bank of India", "payee_branch_name": "IITH Kandi", "payee_account_no": "20461071896", "payee_ifsc": "SBIN0014182", "payee_pan": "GHAPP4873F", "pi_name": "Dr. Meenakshi", "pi_email": "meenakshi@gmail.com", "amount": "500.00", "tds_section": 2, "tds_rate": 2, "tds_amount": "25.00", "gst_tds_type": null, "igst_tds": "0", "cgst_tds": "0", "sgst_tds": "0", "net_amount": "475", "purpose": null, "payee_email": "mahadevg1112@gmail.com", "other_email": null, "cc_email_default": "office.src@iith.ac.in", "cc_email_po_store": null, "payment_status": "PROCESSED", "email_sent_log": null}}, {"model": "project.auditlog", "pk": 1, "fields": {"user": null, "model_name": "Payment", "object_id": "5", "object_value": null, "action": "UPDATE", "changes": {"amount": {"old": "50000.00", "new": "400000.00"}, "tds_amount": {"old": "3000.00", "new": "24000"}, "net_amount": {"old": "47000", "new": "376000"}}, "timestamp": "2026-03-26T11:44:53.145Z"}}, {"model": "project.auditlog", "pk": 2, "fields": {"user": null, "model_name": "Commitment", "object_id": "4", "object_value": null, "action": "UPDATE", "changes": {"gross_amount": {"old": "3000.00", "new": "700000.00"}}, "timestamp": "2026-04-01T09:44:10.318Z"}}, {"model": "project.auditlog", "pk": 3, "fields": {"user": null, "model_name": "Payment", "object_id": "10", "object_value": null, "action": "CREATE", "changes": {}, "timestamp": "2026-04-01T09:46:42.211Z"}}, {"model": "project.auditlog", "pk": 4, "fields": {"user": null, "model_name": "Payment", "object_id": "11", "object_value": null, "action": "CREATE", "changes": {}, "timestamp": "2026-04-01T09:48:15.645Z"}}, {"model": "project.auditlog", "pk": 5, "fields": {"user": null, "model_name": "Payment", "object_id": "12", "object_value": null, "action": "CREATE", "changes": {}, "timestamp": "2026-04-01T09:49:14.714Z"}}, {"model": "project.auditlog", "pk": 6, "fields": {"user": null, "model_name": "Payment", "object_id": "13", "object_value": null, "action": "CREATE", "changes": {}, "timestamp": "2026-04-01T09:51:53.474Z"}}, {"model": "project.auditlog", "pk": 7, "fields": {"user": null, "model_name": "Commitment", "object_id": "8", "object_value": null, "action": "UPDATE", "changes": {"gross_amount": {"old": "30000.00", "new": "40000.00"}}, "timestamp": "2026-04-09T09:19:26.088Z"}}, {"model": "project.auditlog", "pk": 8, "fields": {"user": null, "model_name": "Payment", "object_id": "11", "object_value": null, "action": "UPDATE", "changes": {"amount": {"old": "25000.00", "new": "30000.00"}, "net_amount": {"old": "25000", "new": "30000"}}, "timestamp": "2026-04-09T09:31:37.322Z"}}, {"model": "project.auditlog", "pk": 9, "fields": {"user": 1, "model_name": "Payment", "object_id": "13", "object_value": null, "action": "UPDATE", "changes": {"amount": {"old": "200000.00", "new": "400000.00"}, "net_amount": {"old": "200000", "new": "400000"}}, "timestamp": "2026-04-09T09:43:33.503Z"}}, {"model": "project.auditlog", "pk": 10, "fields": {"user": null, "model_name": "Commitment", "object_id": "7", "object_value": null, "action": "UPDATE", "changes": {"gross_amount": {"old": "20000.00", "new": "30000.00"}}, "timestamp": "2026-04-24T09:47:20.653Z"}}, {"model": "project.auditlog", "pk": 11, "fields": {"user": null, "model_name": "Commitment", "object_id": "5", "object_value": "SG-145", "action": "UPDATE", "changes": {"gross_amount": {"old": "5000.00", "new": "100000000.00"}}, "timestamp": "2026-04-24T11:32:41.677Z"}}, {"model": "project.auditlog", "pk": 12, "fields": {"user": null, "model_name": "Payment", "object_id": "1", "object_value": "SG-139", "action": "UPDATE", "changes": {"payee_email": {"old": "ph18resh11001@iith.ac.in", "new": "ph18resch11001@iith.ac.in"}}, "timestamp": "2026-04-27T10:57:44.759Z"}}, {"model": "project.auditlog", "pk": 13, "fields": {"user": 1, "model_name": "Payment", "object_id": "1", "object_value": "SG-139", "action": "UPDATE", "changes": {"cheque_no": {"old": "None", "new": "67859"}, "payee_branch_name": {"old": "OUAT CAMPUS BRANCH", "new": "O U A T  CAMPUS BRANCH"}, "purpose": {"old": "None", "new": ""}, "email_sent_log": {"old": "None", "new": ""}}, "timestamp": "2026-04-27T10:59:20.802Z"}}, {"model": "project.auditlog", "pk": 14, "fields": {"user": null, "model_name": "Payment", "object_id": "4", "object_value": "TDG-04", "action": "UPDATE", "changes": {"cheque_no": {"old": "None", "new": "89789"}, "payee_email": {"old": "ph18resh11001@iith.ac.in", "new": "ph18resch11001@iith.ac.in"}}, "timestamp": "2026-04-28T09:47:43.076Z"}}, {"model": "project.auditlog", "pk": 15, "fields": {"user": null, "model_name": "Commitment", "object_id": "9", "object_value": "DST/CE/F017/2022-26/S889", "action": "CREATE", "changes": {}, "timestamp": "2026-04-29T09:10:06.363Z"}}, {"model": "project.auditlog", "pk": 16, "fields": {"user": null, "model_name": "Payment", "object_id": "14", "object_value": "S889", "action": "CREATE", "changes": {}, "timestamp": "2026-04-29T09:11:55.026Z"}}, {"model": "project.auditlog", "pk": 17, "fields": {"user": null, "model_name": "Payment", "object_id": "15", "object_value": "S889", "action": "CREATE", "changes": {}, "timestamp": "2026-04-29T09:39:25.535Z"}}, {"model": "project.auditlog", "pk": 18, "fields": {"user": null, "model_name": "Payment", "object_id": "16", "object_value": "S889", "action": "CREATE", "changes": {}, "timestamp": "2026-04-29T10:18:15.479Z"}}, {"model": "project.auditlog", "pk": 19, "fields": {"user": null, "model_name": "Payment", "object_id": "14", "object_value": "S889", "action": "UPDATE", "changes": {"cheque_no": {"old": "", "new": "88979"}}, "timestamp": "2026-04-29T10:18:15.557Z"}}, {"model": "project.auditlog", "pk": 20, "fields": {"user": null, "model_name": "Payment", "object_id": "15", "object_value": "S889", "action": "UPDATE", "changes": {"cheque_no": {"old": "", "new": "88979"}, "payee_email": {"old": "es19btech11012@iith.ac.in", "new": "mahadevg112@gmail.com"}}, "timestamp": "2026-04-29T10:18:15.658Z"}}, {"model": "project.auditlog", "pk": 21, "fields": {"user": 1, "model_name": "Payment", "object_id": "16", "object_value": "S889", "action": "UPDATE", "changes": {"purpose": {"old": "None", "new": ""}, "payment_status": {"old": "PROCESSED", "new": "PAID"}, "email_sent_log": {"old": "None", "new": ""}}, "timestamp": "2026-04-29T10:19:21.763Z"}}, {"model": "project.auditlog", "pk": 22, "fields": {"user": null, "model_name": "Payment", "object_id": "15", "object_value": "S889", "action": "UPDATE", "changes": {"payment_status": {"old": "PROCESSED", "new": "PAID"}}, "timestamp": "2026-04-29T10:22:00.837Z"}}, {"model": "project.auditlog", "pk": 23, "fields": {"user": null, "model_name": "Payment", "object_id": "15", "object_value": "S889", "action": "UPDATE", "changes": {"email_sent_log": {"old": "None", "new": "29-Apr-2026 10:34 - sent to mahadevg112@gmail.com, cc:office.src@iith.ac.in, meenakshi@gmail.com"}}, "timestamp": "2026-04-29T10:34:54.182Z"}}, {"model": "project.auditlog", "pk": 24, "fields": {"user": null, "model_name": "Payment", "object_id": "17", "object_value": "S889", "action": "CREATE", "changes": {}, "timestamp": "2026-04-29T10:37:37.118Z"}}, {"model": "project.auditlog", "pk": 25, "fields": {"user": null, "model_name": "Payment", "object_id": "17", "object_value": "S889", "action": "UPDATE", "changes": {"payment_status": {"old": "PROCESSED", "new": "PAID"}}, "timestamp": "2026-04-29T10:37:46.650Z"}}, {"model": "project.auditlog", "pk": 26, "fields": {"user": null, "model_name": "Payment", "object_id": "17", "object_value": "S889", "action": "UPDATE", "changes": {"email_sent_log": {"old": "None", "new": "29-Apr-2026 10:37 - sent to mahadevg1112@gmail.com, cc:office.src@iith.ac.in, meenakshi@gmail.com"}}, "timestamp": "2026-04-29T10:37:51.287Z"}}, {"model": "project.auditlog", "pk": 27, "fields": {"user": null, "model_name": "Payment", "object_id": "16", "object_value": "S889", "action": "UPDATE", "changes": {"payee_email": {"old": "mahadevg112@gmail.com", "new": "mahadevg1112@gmail.com"}, "email_sent_log": {"old": "", "new": "30-Apr-2026 04:56 - sent to mahadevg112@gmail.com, cc:office.src@iith.ac.in, meenakshi@gmail.com"}}, "timestamp": "2026-04-30T04:56:28.728Z"}}, {"model": "project.auditlog", "pk": 28, "fields": {"user": null, "model_name": "Payment", "object_id": "16", "object_value": "S889", "action": "UPDATE", "changes": {"payee_email": {"old": "mahadevg112@gmail.com", "new": "mahadevg1112@gmail.com"}}, "timestamp": "2026-04-30T04:56:28.922Z"}}, {"model": "project.auditlog", "pk": 29, "fields": {"user": null, "model_name": "Payment", "object_id": "18", "object_value": "SG-140", "action": "CREATE", "changes": {}, "timestamp": "2026-05-13T09:23:49.405Z"}}, {"model": "project.auditlog", "pk": 30, "fields": {"user": null, "model_name": "Payment", "object_id": "10", "object_value": "G101", "action": "DELETE", "changes": {}, "timestamp": "2026-05-13T09:24:04.703Z"}}, {"model": "project.copiname", "pk": 4, "fields": {"faculty": "RP987", "name": "Dr.Meenakshi", "email": null, "project": 6, "seed_grant": null, "tdg_grant": null}}, {"model": "project.copiname", "pk": 5, "fields": {"faculty": "RP887", "name": "Suvin P.", "email": null, "project": 8, "seed_grant": null, "tdg_grant": null}}, {"model": "project.copiname", "pk": 6, "fields": {"faculty": "F323", "name": "Dr Gaurav Sharma", "email": null, "project": null, "seed_grant": 11, "tdg_grant": null}}, {"model": "project.copiname", "pk": 7, "fields": {"faculty": "RP876", "name": "Dr Ranajit Mondal", "email": null, "project": null, "seed_grant": 1, "tdg_grant": null}}]